,title,type
0,#realityhigh,movie
1,13TH,movie
2,15 August,movie
3,18 Presents,movie
4,1922,movie
5,22 July,movie
6,37 Seconds,movie
7,4L,movie
8,5 Star Christmas,movie
9,6 Balloons,movie
10,6 Underground,movie
11,7 años,movie
12,A 3 Minute Hug,movie
13,A Christmas Prince,movie
14,A Christmas Prince: The Royal Baby,movie
15,A Christmas Prince: The Royal Wedding,movie
16,A Fall from Grace,movie
17,A Family Reunion Christmas,movie
18,A Fortunate Man,movie
19,A Futile and Stupid Gesture,movie
20,A Land Imagined,movie
21,A Life of Speed: The Juan Manuel Fangio Story,movie
22,A Secret Love,movie
23,A Shaun the Sheep Movie: Farmageddon,movie
24,A StoryBots Christmas,movie
25,A Sun,movie
26,A Tale of Two Kitchens,movie
27,A Twelve Year Night,movie
28,A Very Murray Christmas,movie
29,A Whisker Away,movie
30,Adam Devine: Best Time of Our Lives,movie
31,ADAM SANDLER 100% FRESH,movie
32,Adel Karam: Live from Beirut,movie
33,Aditi Mittal: Things They Wouldn't Let Me Say,movie
34,After Maria,movie
35,After the Raid,movie
36,Aggretsuko: We Wish You a Metal Christmas,movie
37,Agustín Aristarán: Soy Rada,movie
38,Airplane Mode,movie
39,Alan Saldaña: Mi vida de pobre,movie
40,Alejandro Riaño: Especial de stand up,movie
41,Alex Fernández: The Best Comedian in the World,movie
42,Alex Strangelove,movie
43,Ali Wong: Baby Cobra,movie
44,Ali Wong: Hard Knock Wife,movie
45,Ali's Wedding,movie
46,All Day and a Night,movie
47,All In My Family,movie
48,All The Bright Places,movie
49,All the Freckles in the World,movie
50,Alles ist gut,movie
51,Altered Carbon: Resleeved,movie
52,Always Be My Maybe,movie
53,Amanda Knox,movie
54,Amateur,movie
55,American Factory,movie
56,American Factory: A Conversation with the Obamas,movie
57,American Son,movie
58,Amit Tandon: Family Tandoncies,movie
59,Amy Schumer Growing,movie
60,Amy Schumer: The Leather Special,movie
61,And Breathe Normally,movie
62,Angela's Christmas,movie
63,ANIMA,movie
64,Animas,movie
65,Anjelah Johnson: Not Fancy,movie
66,Anon,movie
67,Anthony Jeselnik: Fire in the Maternity Ward,movie
68,Anthony Jeselnik: Thoughts and Prayers,movie
69,Antoine Griezmann: The Making of a Legend,movie
70,Apostle,movie
71,Arango y Sanint: Ríase el show,movie
72,ARQ,movie
73,Arsenio Hall: Smart & Classy,movie
74,Athlete A,movie
75,Atlantics,movie
76,Audrie & Daisy,movie
77,Aziz Ansari Live at Madison Square Garden,movie
78,Aziz Ansari: Buried Alive,movie
79,Aziz Ansari: RIGHT NOW,movie
80,Back to School,movie
81,Bad Seeds,movie
82,Barbra: The Music ... The Mem'ries ... The Magic!,movie
83,Barry,movie
84,Battle,movie
85,Bayonet,movie
86,Beasts of No Nation,movie
87,Beat Bugs: All Together Now,movie
88,Beats,movie
89,Becoming,movie
90,Been So Long,movie
91,Before I Wake,movie
92,Ben Platt Live from Radio City Music Hall,movie
93,Benji,movie
94,Bert Kreischer: Hey Big Boy,movie
95,Bert Kreischer: Secret Time,movie
96,Between Two Ferns: The Movie,movie
97,"Bikram: Yogi, Guru, Predator",movie
98,Bill Burr: I'm Sorry You Feel That Way,movie
99,Bill Burr: Paper Tiger,movie
100,Bill Burr: Walk Your Way Out,movie
101,Bird Box,movie
102,Birders,movie
103,Black Mirror: Bandersnatch,movie
104,BLAME!,movie
105,Bleach,movie
106,Blockbuster,movie
107,Blood Will Tell,movie
108,Bo Burnham: Make Happy,movie
109,Boi,movie
110,BoJack Horseman Christmas Special: Sabrina's Christmas Wish,movie
111,Bomb Scared,movie
112,Brad Paisley's Comedy Rodeo,movie
113,Brahman Naman,movie
114,Brain on Fire,movie
115,Brené Brown: The Call to Courage,movie
116,Brian Regan: Nunchucks and Flamethrowers,movie
117,Bright,movie
118,Brij Mohan Amar Rahe,movie
119,Brother,movie
120,Budapest,movie
121,Buddy Thunderstruck: The Maybe Pile,movie
122,Bulbbul,movie
123,Burn Out,movie
124,Burning Sands,movie
125,Calibre,movie
126,Cam,movie
127,Candy Jar,movie
128,Captain Underpants Epic Choice-o-Rama,movie
129,Cargo,movie
130,Carlos Ballarta: El amor es de putos,movie
131,Carlos Ballarta: Furia Ñera,movie
132,Carmen Sandiego: To Steal or Not to Steal,movie
133,Casting JonBenet,movie
134,Catching Feelings,movie
135,Cedric the Entertainer: Live from the Ville,movie
136,Chasing Coral,movie
137,Chelsea Handler: Uganda Be Kidding Me Live,movie
138,Chelsea Peretti: One of the Greats,movie
139,Choked: Paisa Bolta Hai,movie
140,Chopsticks,movie
141,Chris D'Elia: Incorrigible,movie
142,Chris D'Elia: Man on Fire,movie
143,Chris D'Elia: No Pain,movie
144,Chris Rock: Tamborine,movie
145,Chris Tucker Live,movie
146,Christina P: Mother Inferior,movie
147,Christmas Inheritance,movie
148,Circus of Books,movie
149,Cities of Last Things,movie
150,City of Joy,movie
151,Clinical,movie
152,Close,movie
153,Close Enemies,movie
154,"Club de Cuervos Presents: I, Potro",movie
155,Coco y Raulito: Carrusel de ternura,movie
156,Coffee & Kareem,movie
157,Coin Heist,movie
158,Colin Quinn: The New York Story,movie
159,Come Sunday,movie
160,Como caído del cielo,movie
161,Counterpunch,movie
162,Craig Ferguson: Tickle Fight,movie
163,Crip Camp: A Disability Revolution,movie
164,Cristela Alonzo: Lower Classy,movie
165,Crossroads: One Two Jaga,movie
166,"Crouching Tiger, Hidden Dragon: Sword of Destiny",movie
167,Cuba and the Cameraman,movie
168,Curtiz,movie
169,D.L. Hughley: Contrarian,movie
170,Da 5 Bloods,movie
171,"Dana Carvey: Straight White Male, 60",movie
172,Dancing with the Birds,movie
173,Dangerous Lies,movie
174,Daniel Sosa: Maleducado,movie
175,Daniel Sosa: Sosafado,movie
176,Dany Boon: Des Hauts De France,movie
177,Dave Chappelle: Sticks & Stones,movie
178,David Batra: Elefanten i rummet,movie
179,David Brent: Life on the Road,movie
180,David Cross: Making America Great Again!,movie
181,Dead Kids,movie
182,Dear Ex,movie
183,Death Note,movie
184,Def Comedy Jam 25,movie
185,Deidra & Laney Rob a Train,movie
186,Demetri Martin: Live (At the Time),movie
187,Demetri Martin: The Overthinker,movie
188,Deon Cole: Cole Hearted,movie
189,DeRay Davis: How to Act Black,movie
190,Derren Brown: Miracle,movie
191,Derren Brown: Sacrifice,movie
192,Derren Brown: The Push,movie
193,Despite Everything,movie
194,Dieter Nuhr: Nuhr in Berlin,movie
195,Disclosure,movie
196,Divines,movie
197,DJ Cinderella,movie
198,Dolemite Is My Name,movie
199,Dovlatov,movie
200,Dragon Quest Your Story,movie
201,Dragons: Rescue Riders: Hunt for the Golden Dragon,movie
202,DreamWorks Home: For the Holidays,movie
203,Drive,movie
204,Dry Martina,movie
205,Duck Duck Goose,movie
206,Dude,movie
207,Dumplin',movie
208,Dying to Tell,movie
209,E-Team,movie
210,Earth and Blood,movie
211,Earthquake Bird,movie
212,Edoardo Ferrario: Temi Caldi,movie
213,El Camino Christmas,movie
214,El Camino: A Breaking Bad Movie,movie
215,"El Especial de Alex Fernández, el Especial",movie
216,"El Pepe, a Supreme Life",movie
217,El Potro: Unstoppable,movie
218,Eli,movie
219,Elisa & Marcela,movie
220,End Game,movie
221,Enissa Amani: Ehrenwort,movie
222,Enter the Anime,movie
223,Eric Andre: Legalize Everything,movie
224,Errementari: The Blacksmith and the Devil,movie
225,Eurovision Song Contest: The Story of Fire Saga,movie
226,Evelyn,movie
227,Extinction,movie
228,Extraction,movie
229,"Extremely Wicked, Shockingly Evil and Vile",movie
230,Extremis,movie
231,Eye For An Eye,movie
232,Fabrizio Copano: Solo pienso en mi,movie
233,Fadily Camara : La plus drôle de tes copines,movie
234,Fakkah Fuzz: Almost Banned,movie
235,Falling Inn Love,movie
236,Fary Is the New Black,movie
237,Father of the Year,movie
238,Feel the Beat,movie
239,Felipe Neto: My Life Makes No Sense,movie
240,Feminists: What Were They Thinking?,movie
241,Fernando Sanjiao: Hombre,movie
242,Fire in Paradise,movie
243,Firebrand,movie
244,First Match,movie
245,First They Killed My Father,movie
246,Flavors of Youth: International Version,movie
247,Forgive Us Our Debts,movie
248,Forgotten,movie
249,Fortune Feimster: Sweet & Salty,movie
250,Fractured,movie
251,Francesco De Carlo: Cose di Questo Mondo,movie
252,Franco Escamilla: Bienvenido al mundo,movie
253,Franco Escamilla: Por la anécdota,movie
254,"Frankenstein’s Monster’s Monster, Frankenstein",movie
255,Fred Armisen: Standup For Drummers,movie
256,Free Rein: The Twelve Neighs of Christmas,movie
257,Free Rein: Valentine's Day,movie
258,FullMetal Alchemist,movie
259,FYRE: The Greatest Party That Never Happened,movie
260,"Gabriel ""Fluffy"" Iglesias: One Show Fits All",movie
261,Gabriel lglesias: I’m Sorry For What I Said When I Was Hungry,movie
262,Gad Elmaleh: American Dream,movie
263,Gad Gone Wild,movie
264,Gaga: Five Foot Two,movie
265,"Game Over, Man!",movie
266,George Lopez: We'll Do It For Half,movie
267,Gerald's Game,movie
268,Get In,movie
269,Get Me Roger Stone,movie
270,Ghost Stories,movie
271,Ghosts of Sugar Land,movie
272,Girl,movie
273,Girlfriend's Day,movie
274,Girls With Balls,movie
275,Gnome Alone,movie
276,Go Karts,movie
277,Go! Go! Cory Carson: The Chrissy,movie
278,GO! The Unforgettable Party,movie
279,GODZILLA City on the Edge of Battle,movie
280,GODZILLA The Planet Eater,movie
281,Good Sam,movie
282,Grass Is Greener,movie
283,Greg Davies: You Magnificent Beast,movie
284,Grego Rossello: Disculpe las molestias,movie
285,Grillo vs Grillo,movie
286,Guilty,movie
287,Gun City,movie
288,Handsome: A Netflix Mystery Movie,movie
289,Hannah Gadsby: Douglas,movie
290,Hannah Gadsby: Nanette,movie
291,Hannibal Buress: Comedy Camisado,movie
292,Happy Anniversary,movie
293,Happy as Lazzaro,movie
294,Hari Kondabolu: Warn Your Relatives,movie
295,Harith Iskander: I Told You So,movie
296,Hasan Minhaj: Homecoming King,movie
297,Have a Good Trip: Adventures in Psychedelics,movie
298,"Hello, Privilege. It's Me, Chelsea",movie
299,Heroin(e),movie
300,High Flying Bird,movie
301,High Society,movie
302,Hold the Dark,movie
303,Holiday in the Wild,movie
304,Holiday Rush,movie
305,HOMECOMING: A film by Beyoncé,movie
306,Horse Girl,movie
307,Hot Gimmick: Girl Meets Boy,movie
308,Hot Girls Wanted,movie
309,House Arrest,movie
310,How It Ends,movie
311,How to Get Over a Breakup,movie
312,I am Jonas,movie
313,I Am Mother,movie
314,I Am not an Easy Man,movie
315,I Am the Pretty Thing That Lives in the House,movie
316,I Don't Feel at Home in This World Anymore,movie
317,I Lost My Body,movie
318,"I love you, stupid",movie
319,I'll Sleep When I'm Dead,movie
320,I'm Brent Morin,movie
321,I'm No Longer Here,movie
322,Ibiza,movie
323,IBOY,movie
324,Icarus,movie
325,Iliza Shlesinger: Confirmed Kills,movie
326,Iliza Shlesinger: Elder Millennial,movie
327,Iliza Shlesinger: Freezing Hot,movie
328,Iliza Shlesinger: Unveiled,movie
329,Illang: The Wolf Brigade,movie
330,Imperial Dreams,movie
331,In Family I Trust,movie
332,In the Shadow of Iris,movie
333,In the Shadow of the Moon,movie
334,In the Tall Grass,movie
335,Into the Inferno,movie
336,Intuition,movie
337,Invader Zim: Enter the Florpus,movie
338,IO,movie
339,Irreplaceable You,movie
340,Isi & Ossi,movie
341,It Takes a Lunatic,movie
342,Jack Whitehall: At Large,movie
343,Jack Whitehall: Christmas with My Father,movie
344,Jandino: Whatever it Takes,movie
345,Jani Dueñas: Grandes fracasos de ayer y hoy,movie
346,Jaoon Kahan Bata Ae Dil,movie
347,Jefe,movie
348,Jeff Dunham: Beside Himself,movie
349,Jeff Dunham: Relative Disaster,movie
350,Jeff Foxworthy and Larry the Cable Guy: We’ve Been Thinking...,movie
351,Jeff Garlin: Our Man In Chicago,movie
352,Jen Kirkman: I'm Gonna Die Alone (And I Feel Fine),movie
353,Jen Kirkman: Just Keep Livin’?,movie
354,Jenny Slate: Stage Fright,movie
355,Jerry Before Seinfeld,movie
356,Jerry Seinfeld: 23 Hours To Kill,movie
357,"Jim & Andy: The Great Beyond - Featuring a Very Special, Contractually Obligated Mention of Tony Clifton",movie
358,Jim Gaffigan: Cinco,movie
359,Jim Jefferies : BARE,movie
360,Jim Jefferies: Freedumb,movie
361,Jim Jefferies: This Is Me Now,movie
362,Jim Norton: Mouthful of Shame,movie
363,Jimmy Carr: Funny Business,movie
364,Jimmy Carr: The Best of Ultimate Gold Greatest Hits,movie
365,Jo Koy: Comin' In Hot,movie
366,Jo Koy: In His Elements,movie
367,Jo Koy: Live from Seattle,movie
368,Jo Pil-ho: The Dawning Rage,movie
369,Joan Didion: The Center Will Not Hold,movie
370,Joaquín Reyes: Una y no más,movie
371,Joe Mande’s Award-Winning Comedy Special,movie
372,Joe Rogan: Strange Times,movie
373,Joe Rogan: Triggered,movie
374,John Leguizamo's Latin History for Morons,movie
375,John Mulaney & The Sack Lunch Bunch,movie
376,John Mulaney: Kid Gorgeous at Radio City,movie
377,John Mulaney: The Comeback Kid,movie
378,Joshua: Teenager vs. Superpower,movie
379,Journey to Greenland,movie
380,Joy,movie
381,Juanita,movie
382,Judah Friedlander: America Is the Greatest Country in the United States,movie
383,Judd Apatow: The Return,movie
384,Justin Timberlake + the Tennessee Kids,movie
385,Kardec,movie
386,Katherine Ryan: Glitter Room,movie
387,Katherine Ryan: In Trouble,movie
388,Katt Williams: Great America,movie
389,Kavin Jay: Everybody Calm Down!,movie
390,Keith Richards: Under the Influence,movie
391,"Ken Jeong: You Complete Me, Ho",movie
392,Kenny Sebastian: The Most Interesting Person in the Room,movie
393,Kevin Hart: Irresponsible,movie
394,Kevin Hart's Guide to Black History,movie
395,Kevin James: Never Don't Give Up,movie
396,Kidnapping Stella,movie
397,Kingdom of Us,movie
398,Klaus,movie
399,Knock Down The House,movie
400,Kodachrome,movie
401,Kuntilanak,movie
402,LA Originals,movie
403,Ladies First,movie
404,Lady J,movie
405,Laerte-se,movie
406,Layla M.,movie
407,Leslie Jones: Time Machine,movie
408,Lessons from a School Shooting: Notes from Dunblane,movie
409,Let It Snow,movie
410,Let's Dance,movie
411,Life Overtakes Me,movie
412,Like Father,movie
413,Lionheart,movie
414,Liss Pereira: Reteniendo líquidos,movie
415,Little Evil,movie
416,Little Miss Sumo,movie
417,"Live Twice, Love Once",movie
418,Long Shot,movie
419,"Lorena, Light-Footed Woman",movie
420,Los Tigres del Norte at Folsom Prison,movie
421,Lost Bullet,movie
422,Lost Girls,movie
423,Loudon Wainwright III: Surviving Twin,movie
424,Love Per Square Foot,movie
425,Love Wedding Repeat,movie
426,Lucas Brothers: On Drugs,movie
427,Luciano Mellera: Infantiloide,movie
428,Lucid Dream,movie
429,Lust Stories,movie
430,Lynne Koplitz: Hormonal Beast,movie
431,Making Unorthodox,movie
432,Maktub,movie
433,Malena Pichot: Estupidez compleja,movie
434,Malevolent,movie
435,Malibu Rescue,movie
436,Manhunt,movie
437,Marc Maron: End Times Fun,movie
438,Marc Maron: Too Real,movie
439,Marco Luque: Tamo Junto,movie
440,Marco Polo: One Hundred Eyes,movie
441,Maria,movie
442,Maria Bamford: Old Baby,movie
443,Marlon Wayans: Woke-ish,movie
444,Marriage Story,movie
445,"Martin Matte: La vie, la mort...eh la la..!",movie
446,Mascots,movie
447,Maska,movie
448,Mau Nieto: Viviendo sobrio… desde el bar,movie
449,Maurício Meirelles: Generating Chaos,movie
450,May the Devil Take You,movie
451,Maz Jobrani: Immigrant,movie
452,Mea Culpa,movie
453,Mercenary,movie
454,Mercury 13,movie
455,Mercy,movie
456,Message from the King,movie
457,"Michael Bolton's Big, Sexy Valentine's Day Special",movie
458,Michael Che Matters,movie
459,Michelle Wolf: Joke Show,movie
460,Mike Birbiglia: Thank God for Jokes,movie
461,Mike Birbiglia: The New One,movie
462,Mike Epps: Don't Take It Personal,movie
463,Mike Epps: Only One Mike,movie
464,Mindhorn,movie
465,Mirage,movie
466,Miranda Sings Live…Your Welcome,movie
467,Miss Americana,movie
468,Mission Blue,movie
469,Mitt,movie
470,Mo Amer: The Vagabond,movie
471,Mo Gilligan: Momentum,movie
472,Money Heist: The Phenomenon,movie
473,Money Trap,movie
474,Mowgli: Legend of the Jungle,movie
475,Mrs. Serial Killer,movie
476,Mudbound,movie
477,Munafik 2,movie
478,Murder Mystery,movie
479,Murder to Mercy: The Cyntoia Brown Story,movie
480,Music Teacher,movie
481,Mute,movie
482,Mutiny of the Worker Bees,movie
483,My Beautiful Broken Brain,movie
484,My Happy Family,movie
485,My Next Guest with David Letterman and Shah Rukh Khan,movie
486,My Own Man,movie
487,Naked,movie
488,Nappily Ever After,movie
489,Natalia Valdebenito: El especial,movie
490,Nate Bargatze: The Tennessee Kid,movie
491,Neal Brennan: 3 Mics,movie
492,Next Gen,movie
493,Night on Earth: Shot in the Dark,movie
494,Nikki Glaser: Bangin’,movie
495,NiNoKuni,movie
496,Nobody Knows I'm Here,movie
497,Nobody Speak: Trials of the Free Press,movie
498,"Norm Macdonald: Hitler's Dog, Gossip & Trickery",movie
499,Nothing to Hide,movie
500,"Oh, Hello On Broadway",movie
501,Okja,movie
502,On Body and Soul,movie
503,On My Skin,movie
504,One of Us,movie
505,One Take,movie
506,One-Way to Tomorrow,movie
507,Oprah Presents When They See Us Now,movie
508,Orbiter 9,movie
509,Otherhood,movie
510,Our Planet - Behind The Scenes,movie
511,Our Souls at Night,movie
512,"Out of Many, One",movie
513,Outlaw King,movie
514,Pachamama,movie
515,Paddleton,movie
516,Pandora,movie
517,Paradise Beach,movie
518,Paradox,movie
519,Parchís: the Documentary,movie
520,Paris Is Us,movie
521,Park Na-rae: Glamour Warning,movie
522,Paskal,movie
523,Patton Oswalt: Annihilation,movie
524,Patton Oswalt: Talking for Clapping,movie
525,Pee-wee's Big Holiday,movie
526,Perdida,movie
527,Period. End of Sentence.,movie
528,Pete Davidson: Alive From New York,movie
529,Pickpockets,movie
530,Point Blank,movie
531,Pokémon: Mewtwo Strikes Back - Evolution,movie
532,Polar,movie
533,Prince of Peoria: A Christmas Moose Miracle,movie
534,Print the Legend,movie
535,Private Life,movie
536,Psychokinesis,movie
537,Pulang,movie
538,Puss in Book: Trapped in an Epic Tale,movie
539,Quincy,movie
540,Rafinha Bastos: Ultimatum,movie
541,Rajma Chawal,movie
542,Ralphie May: Unruly,movie
543,"Ram Dass, Going Home",movie
544,Rattlesnake,movie
545,Ravenous,movie
546,"Ray Romano: Right Here, Around the Corner",movie
547,Ready to Mingle,movie
548,Rebirth,movie
549,Recovery Boys,movie
550,Reggie Watts: Spatial,movie
551,ReMastered: Devil at the Crossroads,movie
552,ReMastered: Massacre at the Stadium,movie
553,ReMastered: The Lion's Share,movie
554,ReMastered: The Miami Showband Massacre,movie
555,ReMastered: The Two Killings of Sam Cooke,movie
556,ReMastered: Tricky Dick & The Man in Black,movie
557,ReMastered: Who Killed Jam Master Jay?,movie
558,ReMastered: Who Shot the Sheriff,movie
559,Resurface,movie
560,Revenger,movie
561,Reversing Roe,movie
562,Ricardo O'Farrill Abrazo Genial,movie
563,Ricardo O'Farrill: Abrazo navideño,movie
564,Ricardo Quevedo: Hay gente así,movie
565,Ricardo Quevedo: Los amargados somos más,movie
566,Rich in Love,movie
567,Ricky Gervais: Humanity,movie
568,Rim of the World,movie
569,Rising High,movie
570,River's Edge,movie
571,ROAD TO ROMA,movie
572,Rock My Heart,movie
573,Rocko's Modern Life: Static Cling,movie
574,Rodney Carrington: Here Comes the Truth,movie
575,Rodney King,movie
576,Rolling Thunder Revue: A Bob Dylan Story by Martin Scorsese,movie
577,ROMA,movie
578,"Ron White: If You Quit Listening, I'll Shut Up",movie
579,Ronny Chieng: Asian Comedian Destroys America!,movie
580,Rory Scovel Tries Stand-Up for the First Time,movie
581,Roxanne Roxanne,movie
582,RUSSELL BRAND: RE:BIRTH,movie
583,Russell Howard: Recalibrate,movie
584,Russell Peters: Almost Famous,movie
585,Russell Peters: Notorious,movie
586,Ryan Hamilton: Happy Face,movie
587,Sabrina,movie
588,Sahara,movie
589,Sand Castle,movie
590,Sand Storm,movie
591,Sandy Wexler,movie
592,Sara's Notebook,movie
593,Sarah Silverman A Speck of Dust,movie
594,Saverio Raimondo: Il Satiro Parlante,movie
595,Saving Capitalism,movie
596,School Life,movie
597,Sebastian Maniscalco: Stay Hungry,movie
598,Sebastián Marcelo Wainraich,movie
599,Secret Obsession,movie
600,See You Yesterday,movie
601,Seeing Allred,movie
602,Sergio,movie
603,Set It Up,movie
604,Seth Meyers: Lobby Baby,movie
605,Seth Rogen's Hilarity for Charity,movie
606,Seventeen,movie
607,Sextuplets,movie
608,Shanghai Fortress,movie
609,Shéhérazade,movie
610,Shimmer Lake,movie
611,Shirkers,movie
612,Sierra Burgess Is A Loser,movie
613,Simon Amstell: Set Free,movie
614,Simplemente Manu NNa,movie
615,Sitara: Let Girls Dream,movie
616,Sky Ladder: The Art of Cai Guo-Qiang,movie
617,Slam,movie
618,Small Crimes,movie
619,Sofía Niño de Rivera: Exposed,movie
620,Sofía Niño de Rivera: Selección Natural,movie
621,Sol Levante,movie
622,Solo,movie
623,Someone Great,movie
624,Sometimes,movie
625,Soni,movie
626,Special Correspondents,movie
627,Spectral,movie
628,Spelling the Dream,movie
629,Spenser Confidential,movie
630,Spirit Riding Free: Spirit of Christmas,movie
631,Springsteen on Broadway,movie
632,Steel Rain,movie
633,Step Sisters,movie
634,Steve Martin and Martin Short: An Evening You Will Forget for the Rest of Your Life,movie
635,Still LAUGH-IN: The Stars Celebrate,movie
636,Street Flow,movie
637,Stretch Armstrong: The Breakout,movie
638,Strong Island,movie
639,Struggle: The Life and Lost Art of Szukalski,movie
640,Sturgill Simpson Presents Sound & Fury,movie
641,Sunday's Illness,movie
642,Super Monsters and the Wish Star,movie
643,Super Monsters Back to School,movie
644,Super Monsters Furever Friends,movie
645,Super Monsters Save Christmas,movie
646,Super Monsters Save Halloween,movie
647,Super Monsters: Vida's First Halloween,movie
648,Suzzanna: Buried Alive,movie
649,Svaha: The Sixth Finger,movie
650,Swearnet Live,movie
651,System Crasher,movie
652,Take the 10,movie
653,Take Your Pills,movie
654,Tall Girl,movie
655,Tallulah,movie
656,TAU,movie
657,Taylor Swift reputation Stadium Tour,movie
658,Taylor Tomlinson: Quarter-Life Crisis,movie
659,Team Foxcatcher,movie
660,Tell Me Who I Am,movie
661,The 101-Year-Old Man Who Skipped Out on the Bill and Disappeared,movie
662,The 3rd Eye,movie
663,The 3rd Eye 2,movie
664,The 4th Company,movie
665,The After Party,movie
666,The American Meme,movie
667,The Angel,movie
668,The App,movie
669,The Awakening of Motti Wolkenbruch,movie
670,The Babysitter,movie
671,The Ballad of Buster Scruggs,movie
672,The Battered Bastards of Baseball,movie
673,The Black Godfather,movie
674,The Bleeding Edge,movie
675,The Boy Who Harnessed the Wind,movie
676,The Breaker Upperers,movie
677,The Christmas Chronicles,movie
678,The Climb,movie
679,The Cloverfield Paradox,movie
680,The Coldest Game,movie
681,The Crew,movie
682,The Crystal Calls Making the Dark Crystal: Age of Resistance,movie
683,The Death and Life of Marsha P. Johnson,movie
684,The Decline,movie
685,The Dirt,movie
686,The Discovery,movie
687,The Do-Over,movie
688,The Drug King,movie
689,The Edge of Democracy,movie
690,The First Temptation of Christ,movie
691,The Forest of Love,movie
692,The Fundamentals of Caring,movie
693,The Great Hack,movie
694,The Guernsey Literary and Potato Peel Pie Society,movie
695,The Half Of It,movie
696,The Highwaymen,movie
697,The Holiday Calendar,movie
698,The House of Flowers Presents: The Funeral,movie
699,The Incredible Jessica James,movie
700,The Influence,movie
701,The Irishman,movie
702,The Irishman: In Conversation,movie
703,The Ivory Game,movie
704,The Killer,movie
705,The Kindergarten Teacher,movie
706,The King,movie
707,The Kissing Booth,movie
708,The Knight Before Christmas,movie
709,The Land of Steady Habits,movie
710,The Last Days of American Crime,movie
711,The Last Hangover,movie
712,The Last Laugh,movie
713,The Last Summer,movie
714,The Last Thing He Wanted,movie
715,The Laundromat,movie
716,The Laws of Thermodynamics,movie
717,The Legacy of a Whitetail Deer Hunter,movie
718,The Legacy of the Bones,movie
719,The Legend of Cocaine Island,movie
720,The Lighthouse of the Orcas,movie
721,The Little Prince,movie
722,The Little Switzerland,movie
723,The Lonely Island Presents: The Unauthorized Bash Brothers Experience,movie
724,The Lovebirds,movie
725,The Main Event,movie
726,The Man Without Gravity,movie
727,The Mars Generation,movie
728,The Meyerowitz Stories (New and Selected),movie
729,The Most Assassinated Woman in the World,movie
730,The Most Hated Woman in America,movie
731,The Motive,movie
732,The Night Comes for Us,movie
733,The Occupant,movie
734,The Open House,movie
735,The Other One: The Long Strange Trip of Bob Weir,movie
736,The Other Side of the Wind,movie
737,The Outsider,movie
738,The Package,movie
739,The Perfect Date,movie
740,The Perfection,movie
741,The Photographer Of Mauthausen,movie
742,The Plagues of Breslau,movie
743,The Platform,movie
744,The Polka King,movie
745,The Princess Switch,movie
746,The Rachel Divide,movie
747,The Red Sea Diving Resort,movie
748,The Resistance Banker,movie
749,The Ridiculous 6,movie
750,The Ritual,movie
751,The Road to El Camino: Behind the Scenes of El Camino: A Breaking Bad Movie,movie
752,The Ruthless,movie
753,The Short Game,movie
754,The Siege of Jadotville,movie
755,The Silence,movie
756,The Silence of the Marsh,movie
757,The Silent War,movie
758,The Skin of the Wolf,movie
759,The Son,movie
760,The Spooky Tale of Captain Underpants Hack-a-ween,movie
761,The Square,movie
762,The Titan,movie
763,The Trader (Sovdagari),movie
764,The Tree of Blood,movie
765,The Tribe,movie
766,The Two Popes,movie
767,The Warning,movie
768,The Week Of,movie
769,The White Helmets,movie
770,The Willoughbys,movie
771,The Wolf's Call,movie
772,The World Is Yours,movie
773,The Wrong Missy,movie
774,Theo Von: No Offense,movie
775,They’ll Love Me When I’m Dead,movie
776,Tiffany Haddish: Black Mitzvah,movie
777,Tig,movie
778,Tig Notaro Happy To Be Here,movie
779,Tigertail,movie
780,Time Share,movie
781,Time to Hunt,movie
782,To All the Boys I’ve Loved Before,movie
783,To All the Boys: P.S. I Still Love You,movie
784,"To Each, Her Own",movie
785,To the Bone,movie
786,Todd Barry: Spicy Honey,movie
787,Todd Glass: Act Happy,movie
788,Todo lo que sería Lucas Lauriente,movie
789,Tom Papa: You're Doing Great!,movie
790,Tom Segura: Ball Hog,movie
791,Tom Segura: Disgraceful,movie
792,Tom Segura: Mostly Stories,movie
793,Tony Robbins: I Am Not Your Guru,movie
794,Tracy Morgan: Staying Alive,movie
795,Trailer Park Boys Live at the North Pole,movie
796,Trailer Park Boys Live In F**kin' Dublin,movie
797,"Trailer Park Boys: Drunk, High and Unemployed: Live in Austin",movie
798,Tramps,movie
799,Travis Scott: Look Mom I Can Fly,movie
800,Trevor Noah: Afraid of the Dark,movie
801,Trevor Noah: Son of Patricia,movie
802,Triple Frontier,movie
803,True Memoirs of an International Assassin,movie
804,True: Grabbleapple Harvest,movie
805,True: Happy Hearts Day,movie
806,True: Rainbow Rescue,movie
807,True: Tricky Treat Day,movie
808,True: Winter Wishes,movie
809,True: Wuzzle Wegg Day,movie
810,Tune in for Love,movie
811,Twin Murders: the Silence of the White City,movie
812,Two Catalonias,movie
813,Ultras,movie
814,Unbreakable Kimmy Schmidt: Kimmy vs. the Reverend,movie
815,Uncorked,movie
816,Unicorn Store,movie
817,Upstarts,movie
818,Us and Them,movie
819,Velvet Buzzsaw,movie
820,Vir Das: Abroad Understanding,movie
821,Vir Das: For India,movie
822,Vir Das: Losing It,movie
823,Virunga,movie
824,Voyeur,movie
825,W. Kamau Bell: Private School Negro,movie
826,Walk. Ride. Rodeo.,movie
827,Wanda Sykes: Not Normal,movie
828,War Machine,movie
829,Wasp Network,movie
830,WHAT DID JACK DO?,movie
831,What Happened to Monday,movie
832,"What Happened, Miss Simone?",movie
833,Wheelman,movie
834,When Angels Sleep,movie
835,When We First Met,movie
836,Whindersson Nunes: Adult,movie
837,White Fang,movie
838,Whitney Cummings: Can I Touch It?,movie
839,Who Would You Take to a Deserted Island?,movie
840,Willy and the Guardians of the Lake: Tales from the Lakeside Winter Adventure,movie
841,Win It All,movie
842,Wine Country,movie
843,Winter on Fire: Ukraine's Fight for Freedom,movie
844,XOXO,movie
845,Yeh Ballet,movie
846,Yoo Byung Jae: Discomfort Zone,movie
847,Yoo Byung Jae: Too Much Information,movie
848,You Get Me,movie
849,Your Son,movie
850,"Yours Sincerely, Kanan Gill",movie
851,Yucatán,movie
852,Zion,movie
853,#blackAF,tvshow
854,100 Humans,tvshow
855,13 Reasons Why,tvshow
856,13 Reasons Why: Beyond the Reasons,tvshow
857,1983,tvshow
858,1994,tvshow
859,21 Thunder,tvshow
860,3%,tvshow
861,3Below: Tales of Arcadia,tvshow
862,45 rpm,tvshow
863,7 Days Out,tvshow
864,72 Dangerous Animals: Asia,tvshow
865,72 Dangerous Animals: Latin America,tvshow
866,7SEEDS,tvshow
867,A Little Help with Carol Burnett,tvshow
868,A Series of Unfortunate Events,tvshow
869,A Taiwanese Tale of Two Cities,tvshow
870,A Thousand Goodnights,tvshow
871,A Very Secret Service,tvshow
872,A.I.C.O.,tvshow
873,Abstract: The Art of Design,tvshow
874,Absurd Planet,tvshow
875,Abyss,tvshow
876,Accidentally in Love,tvshow
877,Ad Vitam,tvshow
878,Afflicted,tvshow
879,After Life,tvshow
880,Aggretsuko,tvshow
881,Ainori Love Wagon: African Journey,tvshow
882,Ainori Love Wagon: Asian Journey,tvshow
883,AJ and the Queen,tvshow
884,AJIN: Demi-Human,tvshow
885,Alexa & Katie,tvshow
886,Alias Grace,tvshow
887,All About the Washingtons,tvshow
888,All For Love,tvshow
889,All Hail King Julien,tvshow
890,All Hail King Julien: Exiled,tvshow
891,Almost Happy,tvshow
892,Altered Carbon,tvshow
893,Always a Witch,tvshow
894,Amazing Interiors,tvshow
895,American Vandal,tvshow
896,AMO,tvshow
897,Anne with an E,tvshow
898,Another Life,tvshow
899,Answer for Heaven,tvshow
900,Apache: The Life of Carlos Tevez,tvshow
901,ARASHI's Diary -Voyage-,tvshow
902,Archibald's Next Big Thing,tvshow
903,Ares,tvshow
904,Argon,tvshow
905,Ari Shaffir: Double Negative,tvshow
906,Arrested Development,tvshow
907,Arthdal Chronicles,tvshow
908,Ask the Doctor,tvshow
909,Ask the StoryBots,tvshow
910,Astronomy Club: The Sketch Show,tvshow
911,Atelier,tvshow
912,Atypical,tvshow
913,Awake: The Million Dollar Game,tvshow
914,B: The Beginning,tvshow
915,Babies,tvshow
916,Baby,tvshow
917,Babylon Berlin,tvshow
918,Back Street Girls -GOKUDOLS-,tvshow
919,Back with the Ex,tvshow
920,Bad Blood,tvshow
921,Bad Guys: Vile City,tvshow
922,BAKI,tvshow
923,Bangkok Love Stories: Hey You!,tvshow
924,Bangkok Love Stories: Innocence,tvshow
925,Bangkok Love Stories: Objects of Affection,tvshow
926,Bangkok Love Stories: Plead,tvshow
927,Bard of Blood,tvshow
928,Basketball or Nothing,tvshow
929,Battlefish,tvshow
930,BEASTARS,tvshow
931,Beat Bugs,tvshow
932,Best.Worst.Weekend.Ever.,tvshow
933,Betaal,tvshow
934,Better Than Us,tvshow
935,Between,tvshow
936,Beyond Stranger Things,tvshow
937,Big Mouth,tvshow
938,Bill Nye Saves the World,tvshow
939,Bitter Daisies,tvshow
940,Black,tvshow
941,Black Earth Rising,tvshow
942,Black Mirror,tvshow
943,Black Spot,tvshow
944,Black Summer,tvshow
945,Blazing Transfer Students,tvshow
946,Blood & Water,tvshow
947,Blood Pact,tvshow
948,Bloodline,tvshow
949,Bloodride,tvshow
950,Blown Away,tvshow
951,BNA,tvshow
952,Bobby Kennedy for President,tvshow
953,Boca Juniors Confidential,tvshow
954,Bodyguard,tvshow
955,BoJack Horseman,tvshow
956,Bolívar,tvshow
957,BONDING,tvshow
958,Bonus Family,tvshow
959,Borderliner,tvshow
960,Bordertown,tvshow
961,Bottersnikes & Gumbles,tvshow
962,Brainchild,tvshow
963,"Breakfast, Lunch & Dinner",tvshow
964,Brews Brothers,tvshow
965,Broken,tvshow
966,Brotherhood,tvshow
967,Buddi,tvshow
968,Buddy Thunderstruck,tvshow
969,Bumping Mics with Jeff Ross & Dave Attell,tvshow
970,Busted!,tvshow
971,Cable Girls,tvshow
972,Cagaster of an Insect Cage,tvshow
973,Caliphate,tvshow
974,Call My Agent!,tvshow
975,Can You Hear Me?,tvshow
976,Cannon Busters,tvshow
977,Captive,tvshow
978,Car Masters: Rust to Riches,tvshow
979,Care Bears & Cousins,tvshow
980,Carmen Sandiego,tvshow
981,CAROLE & TUESDAY,tvshow
982,Case,tvshow
983,Castlevania,tvshow
984,Cathedral of the Sea,tvshow
985,Chambers,tvshow
986,Charité,tvshow
987,Charité at War,tvshow
988,Charlie's Colorforms City,tvshow
989,Chasing Cameron,tvshow
990,Cheer,tvshow
991,Chef's Table,tvshow
992,Chef's Table: France,tvshow
993,Chelsea,tvshow
994,Chelsea Does,tvshow
995,Chico Bon Bon: Monkey with a Tool Belt,tvshow
996,Chief of Staff,tvshow
997,Children of the Whales,tvshow
998,Chilling Adventures of Sabrina,tvshow
999,Chip and Potato,tvshow
1000,Chocolate,tvshow
1001,Chosen,tvshow
1002,Churchill’s Secret Agents: The New Recruits,tvshow
1003,Club de Cuervos Presents: The Ballad of Hugo Sánchez,tvshow
1004,Club of Crows,tvshow
1005,Coach Snoop,tvshow
1006,Cocaine Coast,tvshow
1007,Collateral,tvshow
1008,Comedians in Cars Getting Coffee,tvshow
1009,COMEDIANS of the world,tvshow
1010,Control Z,tvshow
1011,Conversations with a Killer: The Ted Bundy Tapes,tvshow
1012,Cooked,tvshow
1013,Cooked with Cannabis,tvshow
1014,Cooking on High,tvshow
1015,"Coronavirus, Explained",tvshow
1016,Crash Landing on You,tvshow
1017,Crashing,tvshow
1018,Crazy Delicious,tvshow
1019,Crazyhead,tvshow
1020,Creeped Out,tvshow
1021,Cricket Fever: Mumbai Indians,tvshow
1022,Crime Diaries: Night Out,tvshow
1023,Crime Diaries: The Candidate,tvshow
1024,Criminal: France,tvshow
1025,Criminal: Germany,tvshow
1026,Criminal: Spain,tvshow
1027,Criminal: UK,tvshow
1028,Cuckoo,tvshow
1029,Cupcake & Dino - General Services,tvshow
1030,Curon,tvshow
1031,Cyborg 009: Call of Justice,tvshow
1032,Dance & Sing with True,tvshow
1033,Dancing Queen,tvshow
1034,Danger Mouse,tvshow
1035,Daniel Sloss: Live Shows,tvshow
1036,Dark,tvshow
1037,Dark Tourist,tvshow
1038,Dating Around,tvshow
1039,Daughters of Destiny,tvshow
1040,Dave Chappelle,tvshow
1041,Dave Chappelle: Equanimity & The Bird Revelation,tvshow
1042,Dawn of the Croods,tvshow
1043,Daybreak,tvshow
1044,Dead to Me,tvshow
1045,Deadwind,tvshow
1046,Dear White People,tvshow
1047,Death by Magic,tvshow
1048,Degrassi: Next Class,tvshow
1049,Delhi Crime,tvshow
1050,Derek,tvshow
1051,Derry Girls,tvshow
1052,Designated Survivor: 60 Days,tvshow
1053,Devilman Crybaby,tvshow
1054,Diablero,tvshow
1055,Diagnosis,tvshow
1056,Dino Girl Gauko,tvshow
1057,Dinotrux,tvshow
1058,Dinotrux Supercharged,tvshow
1059,Dirty Money,tvshow
1060,Disenchantment,tvshow
1061,Disjointed,tvshow
1062,Dogs,tvshow
1063,Dogs of Berlin,tvshow
1064,Dollar,tvshow
1065,Dolly Parton's Heartstrings,tvshow
1066,Don't F**k with Cats: Hunting an Internet Killer,tvshow
1067,Dope,tvshow
1068,Dorohedoro,tvshow
1069,Dracula,tvshow
1070,DRAGON PILOT: Hisone & Masotan,tvshow
1071,Dragons: Race to the Edge,tvshow
1072,Dragons: Rescue Riders,tvshow
1073,DRIFTING DRAGONS,tvshow
1074,Drug Lords,tvshow
1075,Drug Squad: Costa del Sol,tvshow
1076,Easy,tvshow
1077,Edgar Rice Burroughs' Tarzan and Jane,tvshow
1078,Edha,tvshow
1079,El Marginal,tvshow
1080,Elite,tvshow
1081,Ellen DeGeneres: Relatable,tvshow
1082,Empire Games,tvshow
1083,Erased,tvshow
1084,Ever After High,tvshow
1085,Everything Sucks!,tvshow
1086,Evil Genius,tvshow
1087,Examination of Conscience,tvshow
1088,Exhibit A,tvshow
1089,Explained,tvshow
1090,Extracurricular,tvshow
1091,Extreme Engagement,tvshow
1092,F is for Family,tvshow
1093,Family Business,tvshow
1094,Family Reunion,tvshow
1095,Fary : Hexagone,tvshow
1096,Fast & Furious Spy Racers,tvshow
1097,Fastest Car,tvshow
1098,Fate/Apocrypha,tvshow
1099,Fate/EXTRA Last Encore,tvshow
1100,Fauda,tvshow
1101,Fearless,tvshow
1102,Feel Good,tvshow
1103,FIGHTWORLD,tvshow
1104,FINAL FANTASY XIV Dad of Light,tvshow
1105,Fire Chasers,tvshow
1106,First and Last,tvshow
1107,First Team: Juventus,tvshow
1108,Five Came Back,tvshow
1109,Flaked,tvshow
1110,Flavorful Origins,tvshow
1111,Flinch,tvshow
1112,Flint Town,tvshow
1113,Floor Is Lava,tvshow
1114,Follow This,tvshow
1115,Followers,tvshow
1116,Forest of Piano,tvshow
1117,Formula 1: Drive to Survive,tvshow
1118,Four Seasons in Havana,tvshow
1119,Frank Elstner: Just One Last Question,tvshow
1120,Free Rein,tvshow
1121,Freud,tvshow
1122,Friends from College,tvshow
1123,Frontier,tvshow
1124,Fugitiva,tvshow
1125,Fuller House,tvshow
1126,Gentefied,tvshow
1127,Ghost in the Shell: SAC_2045,tvshow
1128,GHOUL,tvshow
1129,Gilmore Girls: A Year in the Life,tvshow
1130,Giri / Haji,tvshow
1131,Girl from Nowhere,tvshow
1132,Girlboss,tvshow
1133,Girls Incarcerated,tvshow
1134,Glitch,tvshow
1135,Glitch Techs,tvshow
1136,Glitter Force,tvshow
1137,Glitter Force Doki Doki,tvshow
1138,GLOW,tvshow
1139,Glow Up,tvshow
1140,Go! Go! Cory Carson,tvshow
1141,Go! Live Your Way,tvshow
1142,Godless,tvshow
1143,Godzilla,tvshow
1144,Good Morning Call,tvshow
1145,Grace and Frankie,tvshow
1146,Greatest Events of WWII in Colour,tvshow
1147,Green Door,tvshow
1148,Green Eggs and Ham,tvshow
1149,Green Frontier,tvshow
1150,Greenhouse Academy,tvshow
1151,Gypsy,tvshow
1152,H2O: Mermaid Adventures,tvshow
1153,Hache,tvshow
1154,Handsome Siblings,tvshow
1155,Happy Jail,tvshow
1156,Harvey Street Kids,tvshow
1157,Hasmukh,tvshow
1158,Haters Back Off,tvshow
1159,Haunted,tvshow
1160,Hello Ninja,tvshow
1161,Hemlock Grove,tvshow
1162,HERO MASK,tvshow
1163,"Hi Bye, Mama!",tvshow
1164,Hi Score Girl,tvshow
1165,Hibana: Spark,tvshow
1166,High Seas,tvshow
1167,Hilda,tvshow
1168,Hip-Hop Evolution,tvshow
1169,Historical Roasts,tvshow
1170,History 101,tvshow
1171,Holiday Secrets,tvshow
1172,Hollywood,tvshow
1173,Home for Christmas,tvshow
1174,Home Game,tvshow
1175,Home: Adventures with Tip & Oh,tvshow
1176,Homemade,tvshow
1177,Hospital Playlist,tvshow
1178,Hot Girls Wanted: Turned On,tvshow
1179,House of Cards,tvshow
1180,How to Fix a Drug Scandal,tvshow
1181,How to Sell Drugs Online (Fast),tvshow
1182,Huge in France,tvshow
1183,Hyena,tvshow
1184,Hymn of Death,tvshow
1185,Hyperdrive,tvshow
1186,I AM A KILLER,tvshow
1187,I Am Not Okay With This,tvshow
1188,I Think You Should Leave with Tim Robinson,tvshow
1189,I'm with the Band: Nasty Cherry,tvshow
1190,ID-0,tvshow
1191,If I Hadn't Met You,tvshow
1192,Immortals,tvshow
1193,Ingobernable,tvshow
1194,Ingress: The Animation,tvshow
1195,Inhuman Resources,tvshow
1196,Insatiable,tvshow
1197,Inside Bill's Brain: Decoding Bill Gates,tvshow
1198,Inside the Criminal Mind,tvshow
1199,Inside the Real Narcos,tvshow
1200,Inspector Gadget,tvshow
1201,Instant Hotel,tvshow
1202,Interior Design Masters,tvshow
1203,Into the Night,tvshow
1204,It's Bruno!,tvshow
1205,It's Okay to Not Be Okay,tvshow
1206,Itaewon Class,tvshow
1207,J-Style Trip,tvshow
1208,Jack Whitehall: Travels with My Father,tvshow
1209,Jailbirds,tvshow
1210,James Acaster: Repertoire,tvshow
1211,Jamtara - Sabka Number Ayega,tvshow
1212,Jeffrey Epstein: Filthy Rich,tvshow
1213,Jimmy: The True Story of a True Idiot,tvshow
1214,Jinn,tvshow
1215,Julie's Greenroom,tvshow
1216,Justice,tvshow
1217,Justin Time GO!,tvshow
1218,Kabaneri of the Iron Fortress: The Battle of Unato,tvshow
1219,Kakegurui,tvshow
1220,Kantaro: The Sweet Tooth Salaryman,tvshow
1221,Kazoops!,tvshow
1222,KENGAN ASHURA,tvshow
1223,Kevin Hart: Don’t F**k This Up,tvshow
1224,Killer Inside: The Mind of Aaron Hernandez,tvshow
1225,Killer Ratings,tvshow
1226,Kingdom,tvshow
1227,Kipo and the Age of Wonderbeasts,tvshow
1228,Kiss Me First,tvshow
1229,Knights of Sidonia,tvshow
1230,Kong: King of the Apes,tvshow
1231,Kulipari: An Army of Frogs,tvshow
1232,Kulipari: Dream Walker,tvshow
1233,Kuromukuro,tvshow
1234,La casa de papel,tvshow
1235,La Mante,tvshow
1236,La Niña,tvshow
1237,Ladies Up,tvshow
1238,Lady Dynamite,tvshow
1239,Larry Charles' Dangerous World of Comedy,tvshow
1240,Larva Island,tvshow
1241,Last Chance U,tvshow
1242,LAST HOPE,tvshow
1243,Legend Quest,tvshow
1244,Legend Quest: Masters of Myth,tvshow
1245,LEGO Bionicle: The Journey to One,tvshow
1246,LEGO Elves: Secrets of Elvendale,tvshow
1247,LEGO Friends: The Power of Friendship,tvshow
1248,Leila,tvshow
1249,Lenox Hill,tvshow
1250,Levius,tvshow
1251,Life,tvshow
1252,Lilyhammer,tvshow
1253,Little Things,tvshow
1254,Little Witch Academia,tvshow
1255,Live,tvshow
1256,Living Undocumented,tvshow
1257,Living with Yourself,tvshow
1258,Llama Llama,tvshow
1259,Locke & Key,tvshow
1260,Longmire,tvshow
1261,Losers,tvshow
1262,Lost & Found Music Studios,tvshow
1263,Lost in Space,tvshow
1264,LOST SONG,tvshow
1265,Love,tvshow
1266,Love 101,tvshow
1267,Love Alarm,tvshow
1268,Love Is Blind,tvshow
1269,"Love, Death & Robots",tvshow
1270,Lovesick,tvshow
1271,Lugar de Mulher,tvshow
1272,Luna Nera,tvshow
1273,Luna Petunia,tvshow
1274,Luna Petunia: Return to Amazia,tvshow
1275,Lunatics,tvshow
1276,Made in Mexico,tvshow
1277,Magi: Adventure of Sinbad,tvshow
1278,Magic for Humans,tvshow
1279,Making a Murderer,tvshow
1280,Mako Mermaids: An H2O Adventure,tvshow
1281,Malibu Rescue: The Series,tvshow
1282,Man to Man,tvshow
1283,Maniac,tvshow
1284,Maradona in Mexico,tvshow
1285,Marcella,tvshow
1286,Marching Orders,tvshow
1287,Marco Polo,tvshow
1288,Marianne,tvshow
1289,Marseille,tvshow
1290,Marvel's Daredevil,tvshow
1291,Marvel's Iron Fist,tvshow
1292,Marvel's Jessica Jones,tvshow
1293,Marvel's Luke Cage,tvshow
1294,Marvel's The Defenders,tvshow
1295,Marvel's The Punisher,tvshow
1296,Master of None,tvshow
1297,Medal of Honor,tvshow
1298,Medical Police,tvshow
1299,Medici: Masters of Florence,tvshow
1300,Memories of the Alhambra,tvshow
1301,Merlí,tvshow
1302,Merry Happy Whatever,tvshow
1303,Messiah,tvshow
1304,Meteor Garden,tvshow
1305,Middleditch & Schwartz,tvshow
1306,Midnight Diner: Tokyo Stories,tvshow
1307,Mighty Little Bheem,tvshow
1308,Mighty Little Bheem: Diwali,tvshow
1309,Mighty Little Bheem: Festival of Colors,tvshow
1310,Million Pound Menu,tvshow
1311,Million Yen Women,tvshow
1312,MINDHUNTER,tvshow
1313,Minecraft: Story Mode,tvshow
1314,Mob Psycho 100,tvshow
1315,Monarca,tvshow
1316,Monkey Twins,tvshow
1317,Monzón: A Knockout Blow,tvshow
1318,Mortel,tvshow
1319,Most Beautiful Thing,tvshow
1320,Motown Magic,tvshow
1321,Mr. Iglesias,tvshow
1322,Mr. Sunshine,tvshow
1323,My Country: The New Age,tvshow
1324,My First First Love,tvshow
1325,My Holo Love,tvshow
1326,My Husband Won't Fit,tvshow
1327,My Next Guest Needs No Introduction With David Letterman,tvshow
1328,My Only Love Song,tvshow
1329,Mystery Science Theater 3000: The Return,tvshow
1330,Mystic Pop-up Bar,tvshow
1331,Mythomaniac,tvshow
1332,Nadiya’s Time to Eat,tvshow
1333,Nailed It,tvshow
1334,Nailed It! France,tvshow
1335,Nailed It! Germany,tvshow
1336,Nailed It! Holiday!,tvshow
1337,Nailed It! Mexico,tvshow
1338,Nailed It! Spain,tvshow
1339,Narcos,tvshow
1340,Narcos: Mexico,tvshow
1341,Narcoworld: Dope Stories,tvshow
1342,Neo Yokio,tvshow
1343,Netflix Presents: The Characters,tvshow
1344,Never Have I Ever,tvshow
1345,Next in Fashion,tvshow
1346,Night on Earth,tvshow
1347,"Nisman: The Prosecutor, the President, and the Spy",tvshow
1348,No Good Nick,tvshow
1349,No Time for Shame,tvshow
1350,Nobel,tvshow
1351,Nobody's Looking,tvshow
1352,Norm Macdonald Has a Show,tvshow
1353,Northern Rescue,tvshow
1354,November 13: Attack on Paris,tvshow
1355,Nowhere Man,tvshow
1356,NSU German History X,tvshow
1357,October Faction,tvshow
1358,Oh My Ghost,tvshow
1359,Omniscient,tvshow
1360,On Children,tvshow
1361,On My Block,tvshow
1362,One Day at a Time,tvshow
1363,One More Time,tvshow
1364,One Spring Night,tvshow
1365,Orange Is the New Black,tvshow
1366,Osmosis,tvshow
1367,Our Planet,tvshow
1368,Outer Banks,tvshow
1369,Ozark,tvshow
1370,Pacific Heat,tvshow
1371,Pandemic: How to Prevent an Outbreak,tvshow
1372,Paradise PD,tvshow
1373,Paranoid,tvshow
1374,Patriot Act with Hasan Minhaj,tvshow
1375,Patton Oswalt: I Love Everything,tvshow
1376,Paul Hollywood's Big Continental Road Trip,tvshow
1377,Peaky Blinders,tvshow
1378,Perfume,tvshow
1379,Persona,tvshow
1380,Pine Gap,tvshow
1381,Pinky Malinky,tvshow
1382,Pokémon Journeys: The Series,tvshow
1383,Ponysitters Club,tvshow
1384,Popples,tvshow
1385,Possessed,tvshow
1386,Prank Encounters,tvshow
1387,Prince of Peoria,tvshow
1388,Prison Playbook,tvshow
1389,Project Mc²,tvshow
1390,Puerta 7,tvshow
1391,Puffin Rock,tvshow
1392,Queen Sono,tvshow
1393,Queer Eye,tvshow
1394,Queer Eye: We're in Japan!,tvshow
1395,Quicksand,tvshow
1396,Ragnarok,tvshow
1397,Raising Dion,tvshow
1398,Rapture,tvshow
1399,Re:Mind,tvshow
1400,Real Rob,tvshow
1401,Reality Z,tvshow
1402,Reboot: The Guardian Code,tvshow
1403,Requiem,tvshow
1404,Restaurants on the Edge,tvshow
1405,Retribution,tvshow
1406,Revisions,tvshow
1407,Rhyme Time Town,tvshow
1408,Rhythm + Flow,tvshow
1409,Richie Rich,tvshow
1410,Rilakkuma and Kaoru,tvshow
1411,Rise of Empires: Ottoman,tvshow
1412,Robozuna,tvshow
1413,Roman Empire: Reign of Blood,tvshow
1414,Romance is a bonus book,tvshow
1415,Rookie Historian Goo Hae-Ryung,tvshow
1416,Rotten,tvshow
1417,Rugal,tvshow
1418,Russell Peters vs. the World,tvshow
1419,Russian Doll,tvshow
1420,Rust Valley Restorers,tvshow
1421,Sacred Games,tvshow
1422,Safe,tvshow
1423,​SAINT SEIYA: Knights of the Zodiac,tvshow
1424,Salt Fat Acid Heat,tvshow
1425,Samantha!,tvshow
1426,Samurai Gourmet,tvshow
1427,Santa Clarita Diet,tvshow
1428,SCAMS,tvshow
1429,Scissor Seven,tvshow
1430,Secret City,tvshow
1431,Seis Manos,tvshow
1432,Selection Day,tvshow
1433,Self Made: Inspired by the Life of Madam C.J. Walker,tvshow
1434,Selling Sunset,tvshow
1435,Sense8,tvshow
1436,Seven Seconds,tvshow
1437,Sex Education,tvshow
1438,"Sex, Explained",tvshow
1439,Shadow,tvshow
1440,Shaun the Sheep: Adventures from Mossy Bottom,tvshow
1441,She,tvshow
1442,She-Ra and the Princesses of Power,tvshow
1443,She's Gotta Have It,tvshow
1444,Shot in the Dark,tvshow
1445,Sick Note,tvshow
1446,Singapore Social,tvshow
1447,Sintonia,tvshow
1448,Sirius the Jaeger,tvshow
1449,Sisters,tvshow
1450,Skylanders Academy,tvshow
1451,Skylines,tvshow
1452,Slasher,tvshow
1453,Some Assembly Required,tvshow
1454,Somebody Feed Phil,tvshow
1455,Soundtrack,tvshow
1456,Space Force,tvshow
1457,Special,tvshow
1458,Spectros,tvshow
1459,Spinning Out,tvshow
1460,Spirit Riding Free: Pony Tales,tvshow
1461,Spirit Riding Free: Riding Academy,tvshow
1462,Spirit: Riding Free,tvshow
1463,Spy Kids: Mission Critical,tvshow
1464,Stand Up and Away! with Brian Regan,tvshow
1465,StarBeam,tvshow
1466,Stay Here,tvshow
1467,Stranger Things,tvshow
1468,Street Food,tvshow
1469,Stretch Armstrong & the Flex Fighters,tvshow
1470,Styling Hollywood,tvshow
1471,Suburra: Blood on Rome,tvshow
1472,Sugar Rush,tvshow
1473,Sugar Rush Christmas,tvshow
1474,Summertime,tvshow
1475,Sunderland 'Til I Die,tvshow
1476,Super Drags,tvshow
1477,Super Monsters,tvshow
1478,Super Monsters Monster Party,tvshow
1479,Super Monsters Monster Pets,tvshow
1480,Surviving Escobar - Alias JJ,tvshow
1481,Sweet Magnolias,tvshow
1482,Switched,tvshow
1483,SWORDGAI The Animation,tvshow
1484,Tabula Rasa,tvshow
1485,Taco Chronicles,tvshow
1486,Taj Mahal 1989,tvshow
1487,Take My Brother Away,tvshow
1488,Tales by Light,tvshow
1489,Tales of the City,tvshow
1490,Team Kaylie,tvshow
1491,Terrace House: Aloha State,tvshow
1492,Terrace House: Boys & Girls in the City,tvshow
1493,Terrace House: Opening New Doors,tvshow
1494,Terrace House: Tokyo 2019-2020,tvshow
1495,Terrorism Close Calls,tvshow
1496,The A List,tvshow
1497,The Adventures of Puss in Boots,tvshow
1498,The Alcàsser Murders,tvshow
1499,The Big Family Cooking Showdown,tvshow
1500,The Big Flower Fight,tvshow
1501,The Big Show Show,tvshow
1502,The Bonfire of Destiny,tvshow
1503,The Boss Baby: Back in Business,tvshow
1504,The Break,tvshow
1505,The Break with Michelle Wolf,tvshow
1506,The Casketeers,tvshow
1507,The Chalet,tvshow
1508,The Chef Show,tvshow
1509,The Chosen One,tvshow
1510,The Circle,tvshow
1511,The Circle Brazil,tvshow
1512,The Circle France,tvshow
1513,The Club,tvshow
1514,The Comedy Lineup,tvshow
1515,The Confession Killer,tvshow
1516,The Confession Tapes,tvshow
1517,The Crown,tvshow
1518,The Cuba Libre Story,tvshow
1519,The Curious Creations of Christine McConnell,tvshow
1520,The Dark Crystal: Age of Resistance,tvshow
1521,The Day I Met El Chapo,tvshow
1522,The Degenerates,tvshow
1523,The Devil Next Door,tvshow
1524,The Disappearance of Madeleine McCann,tvshow
1525,The Disastrous Life of Saiki K.: Reawakened,tvshow
1526,The Dragon Prince,tvshow
1527,The Eddy,tvshow
1528,The End of the F***ing World,tvshow
1529,The English Game,tvshow
1530,The Epic Tales of Captain Underpants,tvshow
1531,The Expanding Universe of Ashley Garcia,tvshow
1532,The Family,tvshow
1533,The Final Table,tvshow
1534,The Fix,tvshow
1535,The Forest,tvshow
1536,The Forest of Love: Deep Cut,tvshow
1537,The Frankenstein Chronicles,tvshow
1538,The Frozen Dead,tvshow
1539,The Get Down,tvshow
1540,The Ghost Bride,tvshow
1541,The Gift,tvshow
1542,The Good Bandit,tvshow
1543,The Good Cop,tvshow
1544,The goop lab with Gwyneth Paltrow,tvshow
1545,The Great British Baking Show: Holidays,tvshow
1546,The Haunting of Hill House,tvshow
1547,The Healing Powers of Dude,tvshow
1548,The Hockey Girls,tvshow
1549,The Hollow,tvshow
1550,The Honeymoon Stand Up Special,tvshow
1551,The Hook Up Plan,tvshow
1552,The House of Flowers,tvshow
1553,The I-Land,tvshow
1554,The Iliza Shlesinger Sketch Show,tvshow
1555,The InBESTigators,tvshow
1556,The Indian Detective,tvshow
1557,The Innocence Files,tvshow
1558,The Innocent Man,tvshow
1559,The Innocents,tvshow
1560,The Investigator: A British Crime Story,tvshow
1561,The Joel McHale Show with Joel McHale,tvshow
1562,The Judgement,tvshow
1563,The Keepers,tvshow
1564,The King: Eternal Monarch,tvshow
1565,The Kominsky Method,tvshow
1566,The Last Czars,tvshow
1567,The Last Kids on Earth,tvshow
1568,The Last Kingdom,tvshow
1569,The Letdown,tvshow
1570,The Letter for the King,tvshow
1571,The Lies Within,tvshow
1572,The Magic School Bus Rides Again,tvshow
1573,The Many Faces of Ito,tvshow
1574,The Mechanism,tvshow
1575,The Midnight Gospel,tvshow
1576,"The Mind, Explained",tvshow
1577,The Mire,tvshow
1578,The Movies That Made Us,tvshow
1579,The Mr. Peabody and Sherman Show,tvshow
1580,The Naked Director,tvshow
1581,The Neighbor,tvshow
1582,The New Legends of Monkey,tvshow
1583,The OA,tvshow
1584,The Order,tvshow
1585,The Pharmacist,tvshow
1586,The Politician,tvshow
1587,The Prince of Tennis ~ Match! Tennis Juniors ~,tvshow
1588,The Protector,tvshow
1589,The Queen and the Conqueror,tvshow
1590,The Queen of Flow,tvshow
1591,The Rain,tvshow
1592,The Ranch,tvshow
1593,The Rise of Phoenixes,tvshow
1594,The Road to Love,tvshow
1595,The Search,tvshow
1596,The Seven Deadly Sins,tvshow
1597,The Society,tvshow
1598,The Sound of Your Heart,tvshow
1599,The Sound of Your Heart: Reboot,tvshow
1600,The Spy,tvshow
1601,The Staircase,tvshow
1602,The Standups,tvshow
1603,The Stranded,tvshow
1604,THE STRANGER,tvshow
1605,The Toys That Made Us,tvshow
1606,The Trial,tvshow
1607,The Trials of Gabriel Fernandez,tvshow
1608,The Umbrella Academy,tvshow
1609,THE UNLISTED,tvshow
1610,The Unremarkable Juanquini,tvshow
1611,The Valhalla Murders,tvshow
1612,The Victims' Game,tvshow
1613,The Who Was? Show,tvshow
1614,The Witcher,tvshow
1615,The Woods,tvshow
1616,The World's Most Extraordinary Homes,tvshow
1617,The Worst Witch,tvshow
1618,The Yard,tvshow
1619,Thieves of the Wood,tvshow
1620,Three Days of Christmas,tvshow
1621,Tidelands,tvshow
1622,Tidying Up with Marie Kondo,tvshow
1623,Tiempos de guerra,tvshow
1624,Tiffany Haddish Presents: They Ready,tvshow
1625,"Tiger King: Murder, Mayhem and Madness",tvshow
1626,Tijuana,tvshow
1627,Til Death Do Us Part,tvshow
1628,Too Hot to Handle,tvshow
1629,Toon,tvshow
1630,Top Boy,tvshow
1631,Toy Boy,tvshow
1632,Trailer Park Boys,tvshow
1633,Trailer Park Boys: Out of the Park: Europe,tvshow
1634,Trailer Park Boys: Out of the Park: USA,tvshow
1635,Trailer Park Boys: The Animated Series,tvshow
1636,Traitors,tvshow
1637,Travelers,tvshow
1638,Treehouse Detectives,tvshow
1639,Triad Princess,tvshow
1640,Trial By Media,tvshow
1641,Trigger Warning with Killer Mike,tvshow
1642,Trinkets,tvshow
1643,Trollhunters,tvshow
1644,Trolls: The Beat Goes On!,tvshow
1645,Troy,tvshow
1646,True and the Rainbow Kingdom,tvshow
1647,True Tunes,tvshow
1648,True: Magical Friends,tvshow
1649,True: Terrific Tales,tvshow
1650,True: Wonderful Wishes,tvshow
1651,Trump: An American Dream,tvshow
1652,Tuca & Bertie,tvshow
1653,Turbo FAST,tvshow
1654,Turn Up Charlie,tvshow
1655,Twelve Forever,tvshow
1656,Twice Upon A Time,tvshow
1657,Twogether,tvshow
1658,Typewriter,tvshow
1659,Ugly Delicious,tvshow
1660,Ultimate Beastmaster,tvshow
1661,Ultimate Beastmaster México,tvshow
1662,Ultraman,tvshow
1663,Ultramarine Magmell,tvshow
1664,Ultraviolet,tvshow
1665,Unauthorized Living,tvshow
1666,Unbelievable,tvshow
1667,Unbreakable Kimmy Schmidt,tvshow
1668,Undercover,tvshow
1669,Undercover Law,tvshow
1670,Unit 42,tvshow
1671,Unnatural Selection,tvshow
1672,Unorthodox,tvshow
1673,Unrequited Love,tvshow
1674,Unstoppable,tvshow
1675,Until Dawn,tvshow
1676,V Wars,tvshow
1677,Vagabond,tvshow
1678,Vai Anitta,tvshow
1679,Valeria,tvshow
1680,Vampires,tvshow
1681,VeggieTales in the City,tvshow
1682,VeggieTales in the House,tvshow
1683,Victim Number 8,tvshow
1684,Violet Evergarden,tvshow
1685,Virgin River,tvshow
1686,Voltron: Legendary Defender,tvshow
1687,W/ Bob & David,tvshow
1688,Wanderlust,tvshow
1689,Wanted,tvshow
1690,Warrior,tvshow
1691,Watership Down,tvshow
1692,We Are the Wave,tvshow
1693,We're Lalaloopsy,tvshow
1694,Welcome to the Family,tvshow
1695,Well-Intended Love,tvshow
1696,Westside,tvshow
1697,Wet Hot American Summer,tvshow
1698,Wet Hot American Summer: Ten Years Later,tvshow
1699,WHAT / IF,tvshow
1700,What the Love! with Karan Johar,tvshow
1701,When Heroes Fly,tvshow
1702,When the Camellia Blooms,tvshow
1703,When They See Us,tvshow
1704,White Gold,tvshow
1705,White Lines,tvshow
1706,White Nights,tvshow
1707,White Rabbit Project,tvshow
1708,Who Killed Little Gregory?,tvshow
1709,Wild District,tvshow
1710,Wild Wild Country,tvshow
1711,Win the Wilderness,tvshow
1712,Wolf,tvshow
1713,Word Party,tvshow
1714,Workin' Moms,tvshow
1715,World of Winx,tvshow
1716,Wormwood,tvshow
1717,Wu Assassins,tvshow
1718,Yankee,tvshow
1719,Yanxi Palace: Princess Adventures,tvshow
1720,YG Future Strategy Office,tvshow
1721,YooHoo to the Rescue,tvshow
1722,You vs. Wild,tvshow
1723,Yummy Mummies,tvshow
1724,Zona Rosa,tvshow
1725,Zumbo's Just Desserts,tvshow
