,movie_title
0,#realityhigh
1,13TH
2,15 August
3,1922
4,22 July
5,4L
6,5 Star Christmas
7,6 Balloons
8,6 Underground
9,7 años
10,A 3 Minute Hug
11,A Christmas Prince
12,A Christmas Prince: The Royal Baby
13,A Christmas Prince: The Royal Wedding
14,A Family Reunion Christmas
15,A Fortunate Man
16,A Futile and Stupid Gesture
17,A Land Imagined
18,A StoryBots Christmas
19,A Sun
20,A Tale of Two Kitchens
21,A Twelve Year Night
22,A Very Murray Christmas
23,Adam Devine: Best Time of Our Lives
24,ADAM SANDLER 100% FRESH
25,Adel Karam: Live from Beirut
26,Aditi Mittal: Things They Wouldn't Let Me Say
27,After Maria
28,After the Raid
29,Aggretsuko: We Wish You a Metal Christmas
30,Agustín Aristarán: Soy Rada
31,Alan Saldaña: Mi vida de pobre
32,Alejandro Riaño: Especial de stand up
33,Alex Strangelove
34,Ali Wong: Baby Cobra
35,Ali Wong: Hard Knock Wife
36,Ali's Wedding
37,All In My Family
38,Alles ist gut
39,Always Be My Maybe
40,Amanda Knox
41,Amateur
42,American Factory
43,American Factory: A Conversation with the Obamas
44,American Son
45,Amit Tandon: Family Tandoncies
46,Amy Schumer Growing
47,Amy Schumer: The Leather Special
48,And Breathe Normally
49,Angela's Christmas
50,ANIMA
51,Animas
52,Anjelah Johnson: Not Fancy
53,Anon
54,Anthony Jeselnik: Fire in the Maternity Ward
55,Anthony Jeselnik: Thoughts and Prayers
56,Antoine Griezmann: The Making of a Legend
57,Apostle
58,Arango y Sanint: Ríase el show
59,ARQ
60,Arsenio Hall: Smart & Classy
61,Atlantics
62,Audrie & Daisy
63,Aziz Ansari Live at Madison Square Garden
64,Aziz Ansari: Buried Alive
65,Aziz Ansari: RIGHT NOW
66,Back to School
67,Bad Seeds
68,Barbra: The Music ... The Mem'ries ... The Magic!
69,Barry
70,Battle
71,Bayonet
72,Beasts of No Nation
73,Beat Bugs: All Together Now
74,Beats
75,Been So Long
76,Before I Wake
77,Benji
78,Bert Kreischer: Secret Time
79,Between Two Ferns: The Movie
80,"Bikram: Yogi, Guru, Predator"
81,Bill Burr: I'm Sorry You Feel That Way
82,Bill Burr: Paper Tiger
83,Bill Burr: Walk Your Way Out
84,Bird Box
85,Birders
86,Black Mirror: Bandersnatch
87,BLAME!
88,Bleach
89,Blockbuster
90,Blood Will Tell
91,Bo Burnham: Make Happy
92,Boi
93,BoJack Horseman Christmas Special: Sabrina's Christmas Wish
94,Bomb Scared
95,Brad Paisley's Comedy Rodeo
96,Brahman Naman
97,Brain on Fire
98,Brené Brown: The Call to Courage
99,Brian Regan: Nunchucks and Flamethrowers
100,Bright
101,Brij Mohan Amar Rahe
102,Brother
103,Budapest
104,Buddy Thunderstruck: The Maybe Pile
105,Burn Out
106,Burning Sands
107,Calibre
108,Cam
109,Candy Jar
110,Cargo
111,Carlos Ballarta: El amor es de putos
112,Carlos Ballarta: Furia Ñera
113,Casting JonBenet
114,Catching Feelings
115,Cedric the Entertainer: Live from the Ville
116,Chasing Coral
117,Chelsea Handler: Uganda Be Kidding Me Live
118,Chelsea Peretti: One of the Greats
119,Chopsticks
120,Chris D'Elia: Incorrigible
121,Chris D'Elia: Man on Fire
122,Chris Rock: Tamborine
123,Chris Tucker Live
124,Christina P: Mother Inferior
125,Christmas Inheritance
126,Cities of Last Things
127,City of Joy
128,Clinical
129,Close
130,Close Enemies
131,"Club de Cuervos Presents: I, Potro"
132,Coco y Raulito: Carrusel de ternura
133,Coin Heist
134,Colin Quinn: The New York Story
135,Come Sunday
136,Como caído del cielo
137,Counterpunch
138,Craig Ferguson: Tickle Fight
139,Cristela Alonzo: Lower Classy
140,Crossroads: One Two Jaga
141,"Crouching Tiger, Hidden Dragon: Sword of Destiny"
142,Cuba and the Cameraman
143,Curtiz
144,D.L. Hughley: Contrarian
145,"Dana Carvey: Straight White Male, 60"
146,Dancing with the Birds
147,Daniel Sosa: Maleducado
148,Daniel Sosa: Sosafado
149,Dany Boon: Des Hauts De France
150,Dave Chappelle: Sticks & Stones
151,David Brent: Life on the Road
152,David Cross: Making America Great Again!
153,Dead Kids
154,Dear Ex
155,Death Note
156,Def Comedy Jam 25
157,Deidra & Laney Rob a Train
158,Demetri Martin: Live (At the Time)
159,Demetri Martin: The Overthinker
160,Deon Cole: Cole Hearted
161,DeRay Davis: How to Act Black
162,Derren Brown: Miracle
163,Derren Brown: Sacrifice
164,Derren Brown: The Push
165,Despite Everything
166,Dieter Nuhr: Nuhr in Berlin
167,Divines
168,DJ Cinderella
169,Dolemite Is My Name
170,Dovlatov
171,Dragon Quest Your Story
172,DreamWorks Home: For the Holidays
173,Drive
174,Dry Martina
175,Duck Duck Goose
176,Dude
177,Dumplin'
178,Dying to Tell
179,E-Team
180,Earthquake Bird
181,Edoardo Ferrario: Temi Caldi
182,El Camino Christmas
183,El Camino: A Breaking Bad Movie
184,"El Especial de Alex Fernández, el Especial"
185,"El Pepe, a Supreme Life"
186,El Potro: Unstoppable
187,Eli
188,Elisa & Marcela
189,End Game
190,Enissa Amani: Ehrenwort
191,Enter the Anime
192,Errementari: The Blacksmith and the Devil
193,Evelyn
194,Extinction
195,"Extremely Wicked, Shockingly Evil and Vile"
196,Extremis
197,Eye For An Eye
198,Fabrizio Copano: Solo pienso en mi
199,Fadily Camara : La plus drôle de tes copines
200,Fakkah Fuzz: Almost Banned
201,Falling Inn Love
202,Fary Is the New Black
203,Father of the Year
204,Felipe Neto: My Life Makes No Sense
205,Feminists: What Were They Thinking?
206,Fernando Sanjiao: Hombre
207,Fire in Paradise
208,Firebrand
209,First Match
210,First They Killed My Father
211,Flavors of Youth: International Version
212,Forgive Us Our Debts
213,Forgotten
214,Fractured
215,Francesco De Carlo: Cose di Questo Mondo
216,Franco Escamilla: Bienvenido al mundo
217,Franco Escamilla: Por la anécdota
218,"Frankenstein’s Monster’s Monster, Frankenstein"
219,Fred Armisen: Standup For Drummers
220,Free Rein: The Twelve Neighs of Christmas
221,Free Rein: Valentine's Day
222,FullMetal Alchemist
223,FYRE: The Greatest Party That Never Happened
224,"Gabriel ""Fluffy"" Iglesias: One Show Fits All"
225,Gabriel lglesias: I’m Sorry For What I Said When I Was Hungry
226,Gad Elmaleh: American Dream
227,Gad Gone Wild
228,Gaga: Five Foot Two
229,"Game Over, Man!"
230,Gerald's Game
231,Get In
232,Get Me Roger Stone
233,Ghosts of Sugar Land
234,Girl
235,Girlfriend's Day
236,Girls With Balls
237,Gnome Alone
238,GO! The Unforgettable Party
239,GODZILLA City on the Edge of Battle
240,GODZILLA The Planet Eater
241,Good Sam
242,Grass Is Greener
243,Greg Davies: You Magnificent Beast
244,Grego Rossello: Disculpe las molestias
245,Grillo vs Grillo
246,Gun City
247,Handsome: A Netflix Mystery Movie
248,Hannah Gadsby: Nanette
249,Hannibal Buress: Comedy Camisado
250,Happy Anniversary
251,Happy as Lazzaro
252,Hari Kondabolu: Warn Your Relatives
253,Harith Iskander: I Told You So
254,Hasan Minhaj: Homecoming King
255,"Hello, Privilege. It's Me, Chelsea"
256,Heroin(e)
257,High Flying Bird
258,High Society
259,Hold the Dark
260,Holiday in the Wild
261,Holiday Rush
262,HOMECOMING: A film by Beyoncé
263,Hot Gimmick: Girl Meets Boy
264,Hot Girls Wanted
265,House Arrest
266,How It Ends
267,How to Get Over a Breakup
268,I am Jonas
269,I Am Mother
270,I Am not an Easy Man
271,I Am the Pretty Thing That Lives in the House
272,I Don't Feel at Home in This World Anymore
273,I Lost My Body
274,"I love you, stupid"
275,I'll Sleep When I'm Dead
276,I'm Brent Morin
277,I'm No Longer Here
278,Ibiza
279,IBOY
280,Icarus
281,Iliza Shlesinger: Confirmed Kills
282,Iliza Shlesinger: Elder Millennial
283,Iliza Shlesinger: Freezing Hot
284,Iliza Shlesinger: Unveiled
285,Illang: The Wolf Brigade
286,Imperial Dreams
287,In Family I Trust
288,In the Shadow of Iris
289,In the Shadow of the Moon
290,In the Tall Grass
291,Into the Inferno
292,Invader Zim: Enter the Florpus
293,IO
294,Irreplaceable You
295,It Takes a Lunatic
296,Jack Whitehall: At Large
297,Jack Whitehall: Christmas with My Father
298,Jandino: Whatever it Takes
299,Jani Dueñas: Grandes fracasos de ayer y hoy
300,Jaoon Kahan Bata Ae Dil
301,Jefe
302,Jeff Dunham: Beside Himself
303,Jeff Dunham: Relative Disaster
304,Jeff Foxworthy and Larry the Cable Guy: We’ve Been Thinking...
305,Jeff Garlin: Our Man In Chicago
306,Jen Kirkman: I'm Gonna Die Alone (And I Feel Fine)
307,Jen Kirkman: Just Keep Livin’?
308,Jenny Slate: Stage Fright
309,Jerry Before Seinfeld
310,"Jim & Andy: The Great Beyond - Featuring a Very Special, Contractually Obligated Mention of Tony Clifton"
311,Jim Gaffigan: Cinco
312,Jim Jefferies : BARE
313,Jim Jefferies: Freedumb
314,Jim Jefferies: This Is Me Now
315,Jim Norton: Mouthful of Shame
316,Jimmy Carr: Funny Business
317,Jimmy Carr: The Best of Ultimate Gold Greatest Hits
318,Jo Koy: Comin' In Hot
319,Jo Koy: Live from Seattle
320,Jo Pil-ho: The Dawning Rage
321,Joan Didion: The Center Will Not Hold
322,Joaquín Reyes: Una y no más
323,Joe Mande’s Award-Winning Comedy Special
324,Joe Rogan: Strange Times
325,Joe Rogan: Triggered
326,John Leguizamo's Latin History for Morons
327,John Mulaney & The Sack Lunch Bunch
328,John Mulaney: Kid Gorgeous at Radio City
329,John Mulaney: The Comeback Kid
330,Joshua: Teenager vs. Superpower
331,Journey to Greenland
332,Joy
333,Juanita
334,Judah Friedlander: America Is the Greatest Country in the United States
335,Judd Apatow: The Return
336,Justin Timberlake + the Tennessee Kids
337,Kardec
338,Katherine Ryan: Glitter Room
339,Katherine Ryan: In Trouble
340,Katt Williams: Great America
341,Kavin Jay: Everybody Calm Down!
342,Keith Richards: Under the Influence
343,"Ken Jeong: You Complete Me, Ho"
344,Kevin Hart: Irresponsible
345,Kevin Hart's Guide to Black History
346,Kevin James: Never Don't Give Up
347,Kidnapping Stella
348,Kingdom of Us
349,Klaus
350,Knock Down The House
351,Kodachrome
352,Kuntilanak
353,Ladies First
354,Lady J
355,Laerte-se
356,Layla M.
357,Lessons from a School Shooting: Notes from Dunblane
358,Let It Snow
359,Let's Dance
360,Life Overtakes Me
361,Like Father
362,Lionheart
363,Liss Pereira: Reteniendo líquidos
364,Little Evil
365,Little Miss Sumo
366,Long Shot
367,"Lorena, Light-Footed Woman"
368,Los Tigres del Norte at Folsom Prison
369,Loudon Wainwright III: Surviving Twin
370,Love Per Square Foot
371,Lucas Brothers: On Drugs
372,Luciano Mellera: Infantiloide
373,Lucid Dream
374,Lust Stories
375,Lynne Koplitz: Hormonal Beast
376,Maktub
377,Malena Pichot: Estupidez compleja
378,Malevolent
379,Malibu Rescue
380,Manhunt
381,Marc Maron: Too Real
382,Marco Luque: Tamo Junto
383,Marco Polo: One Hundred Eyes
384,Maria
385,Maria Bamford: Old Baby
386,Marlon Wayans: Woke-ish
387,Marriage Story
388,"Martin Matte: La vie, la mort...eh la la..!"
389,Mascots
390,Mau Nieto: Viviendo sobrio… desde el bar
391,May the Devil Take You
392,Maz Jobrani: Immigrant
393,Mea Culpa
394,Mercenary
395,Mercury 13
396,Mercy
397,Message from the King
398,"Michael Bolton's Big, Sexy Valentine's Day Special"
399,Michael Che Matters
400,Michelle Wolf: Joke Show
401,Mike Birbiglia: Thank God for Jokes
402,Mike Birbiglia: The New One
403,Mike Epps: Don't Take It Personal
404,Mike Epps: Only One Mike
405,Mindhorn
406,Mirage
407,Miranda Sings Live…Your Welcome
408,Mission Blue
409,Mitt
410,Mo Amer: The Vagabond
411,Mo Gilligan: Momentum
412,Money Trap
413,Mowgli: Legend of the Jungle
414,Mudbound
415,Munafik 2
416,Murder Mystery
417,Music Teacher
418,Mute
419,My Beautiful Broken Brain
420,My Happy Family
421,My Next Guest with David Letterman and Shah Rukh Khan
422,My Own Man
423,Naked
424,Nappily Ever After
425,Natalia Valdebenito: El especial
426,Nate Bargatze: The Tennessee Kid
427,Neal Brennan: 3 Mics
428,Next Gen
429,Nikki Glaser: Bangin’
430,NiNoKuni
431,Nobody Speak: Trials of the Free Press
432,"Norm Macdonald: Hitler's Dog, Gossip & Trickery"
433,Nothing to Hide
434,"Oh, Hello On Broadway"
435,Okja
436,On Body and Soul
437,On My Skin
438,One of Us
439,Oprah Presents When They See Us Now
440,Orbiter 9
441,Otherhood
442,Our Planet - Behind The Scenes
443,Our Souls at Night
444,"Out of Many, One"
445,Outlaw King
446,Pachamama
447,Paddleton
448,Pandora
449,Paradise Beach
450,Paradox
451,Parchís: the Documentary
452,Paris Is Us
453,Park Na-rae: Glamour Warning
454,Paskal
455,Patton Oswalt: Annihilation
456,Patton Oswalt: Talking for Clapping
457,Pee-wee's Big Holiday
458,Perdida
459,Period. End of Sentence.
460,Pickpockets
461,Point Blank
462,Pokémon: Mewtwo Strikes Back - Evolution
463,Polar
464,Prince of Peoria: A Christmas Moose Miracle
465,Print the Legend
466,Private Life
467,Psychokinesis
468,Pulang
469,Puss in Book: Trapped in an Epic Tale
470,Quincy
471,Rafinha Bastos: Ultimatum
472,Rajma Chawal
473,Ralphie May: Unruly
474,"Ram Dass, Going Home"
475,Rattlesnake
476,Ravenous
477,"Ray Romano: Right Here, Around the Corner"
478,Ready to Mingle
479,Rebirth
480,Recovery Boys
481,Reggie Watts: Spatial
482,ReMastered: Devil at the Crossroads
483,ReMastered: Massacre at the Stadium
484,ReMastered: The Lion's Share
485,ReMastered: The Miami Showband Massacre
486,ReMastered: The Two Killings of Sam Cooke
487,ReMastered: Tricky Dick & The Man in Black
488,ReMastered: Who Killed Jam Master Jay?
489,ReMastered: Who Shot the Sheriff
490,Resurface
491,Revenger
492,Reversing Roe
493,Ricardo O'Farrill Abrazo Genial
494,Ricardo O'Farrill: Abrazo navideño
495,Ricardo Quevedo: Hay gente así
496,Ricardo Quevedo: Los amargados somos más
497,Ricky Gervais: Humanity
498,Rim of the World
499,River's Edge
500,Rock My Heart
501,Rocko's Modern Life: Static Cling
502,Rodney Carrington: Here Comes the Truth
503,Rodney King
504,Rolling Thunder Revue: A Bob Dylan Story by Martin Scorsese
505,ROMA
506,"Ron White: If You Quit Listening, I'll Shut Up"
507,Ronny Chieng: Asian Comedian Destroys America!
508,Rory Scovel Tries Stand-Up for the First Time
509,Roxanne Roxanne
510,RUSSELL BRAND: RE:BIRTH
511,Russell Howard: Recalibrate
512,Russell Peters: Almost Famous
513,Russell Peters: Notorious
514,Ryan Hamilton: Happy Face
515,Sabrina
516,Sahara
517,Sand Castle
518,Sand Storm
519,Sandy Wexler
520,Sara's Notebook
521,Sarah Silverman A Speck of Dust
522,Saverio Raimondo: Il Satiro Parlante
523,Saving Capitalism
524,School Life
525,Sebastian Maniscalco: Stay Hungry
526,Sebastián Marcelo Wainraich
527,Secret Obsession
528,See You Yesterday
529,Seeing Allred
530,Set It Up
531,Seth Meyers: Lobby Baby
532,Seth Rogen's Hilarity for Charity
533,Seventeen
534,Sextuplets
535,Shanghai Fortress
536,Shéhérazade
537,Shimmer Lake
538,Shirkers
539,Sierra Burgess Is A Loser
540,Simon Amstell: Set Free
541,Simplemente Manu NNa
542,Sky Ladder: The Art of Cai Guo-Qiang
543,Slam
544,Small Crimes
545,Sofía Niño de Rivera: Exposed
546,Sofía Niño de Rivera: Selección Natural
547,Solo
548,Someone Great
549,Sometimes
550,Soni
551,Special Correspondents
552,Spectral
553,Spirit Riding Free: Spirit of Christmas
554,Springsteen on Broadway
555,Steel Rain
556,Step Sisters
557,Steve Martin and Martin Short: An Evening You Will Forget for the Rest of Your Life
558,Still LAUGH-IN: The Stars Celebrate
559,Street Flow
560,Stretch Armstrong: The Breakout
561,Strong Island
562,Struggle: The Life and Lost Art of Szukalski
563,Sturgill Simpson Presents Sound & Fury
564,Sunday's Illness
565,Super Monsters and the Wish Star
566,Super Monsters Back to School
567,Super Monsters Furever Friends
568,Super Monsters Save Christmas
569,Super Monsters Save Halloween
570,Super Monsters: Vida's First Halloween
571,Suzzanna: Buried Alive
572,Svaha: The Sixth Finger
573,Swearnet Live
574,Take the 10
575,Take Your Pills
576,Tall Girl
577,Tallulah
578,TAU
579,Taylor Swift reputation Stadium Tour
580,Team Foxcatcher
581,Tell Me Who I Am
582,The 101-Year-Old Man Who Skipped Out on the Bill and Disappeared
583,The 3rd Eye
584,The 3rd Eye 2
585,The 4th Company
586,The After Party
587,The American Meme
588,The Angel
589,The App
590,The Awakening of Motti Wolkenbruch
591,The Babysitter
592,The Ballad of Buster Scruggs
593,The Battered Bastards of Baseball
594,The Black Godfather
595,The Bleeding Edge
596,The Boy Who Harnessed the Wind
597,The Breaker Upperers
598,The Christmas Chronicles
599,The Climb
600,The Cloverfield Paradox
601,The Coldest Game
602,The Crew
603,The Crystal Calls Making the Dark Crystal: Age of Resistance
604,The Death and Life of Marsha P. Johnson
605,The Dirt
606,The Discovery
607,The Do-Over
608,The Drug King
609,The Edge of Democracy
610,The First Temptation of Christ
611,The Forest of Love
612,The Fundamentals of Caring
613,The Great Hack
614,The Guernsey Literary and Potato Peel Pie Society
615,The Highwaymen
616,The Holiday Calendar
617,The House of Flowers Presents: The Funeral
618,The Incredible Jessica James
619,The Influence
620,The Irishman
621,The Irishman: In Conversation
622,The Ivory Game
623,The Killer
624,The Kindergarten Teacher
625,The King
626,The Kissing Booth
627,The Knight Before Christmas
628,The Land of Steady Habits
629,The Last Hangover
630,The Last Laugh
631,The Last Summer
632,The Laundromat
633,The Laws of Thermodynamics
634,The Legacy of a Whitetail Deer Hunter
635,The Legacy of the Bones
636,The Legend of Cocaine Island
637,The Lighthouse of the Orcas
638,The Little Prince
639,The Little Switzerland
640,The Lonely Island Presents: The Unauthorized Bash Brothers Experience
641,The Man Without Gravity
642,The Mars Generation
643,The Meyerowitz Stories (New and Selected)
644,The Most Assassinated Woman in the World
645,The Most Hated Woman in America
646,The Motive
647,The Night Comes for Us
648,The Open House
649,The Other One: The Long Strange Trip of Bob Weir
650,The Other Side of the Wind
651,The Outsider
652,The Package
653,The Perfect Date
654,The Perfection
655,The Photographer Of Mauthausen
656,The Plagues of Breslau
657,The Platform
658,The Polka King
659,The Princess Switch
660,The Rachel Divide
661,The Red Sea Diving Resort
662,The Resistance Banker
663,The Ridiculous 6
664,The Ritual
665,The Road to El Camino: Behind the Scenes of El Camino: A Breaking Bad Movie
666,The Ruthless
667,The Short Game
668,The Siege of Jadotville
669,The Silence
670,The Silence of the Marsh
671,The Skin of the Wolf
672,The Son
673,The Spooky Tale of Captain Underpants Hack-a-ween
674,The Square
675,The Titan
676,The Trader (Sovdagari)
677,The Tree of Blood
678,The Tribe
679,The Two Popes
680,The Warning
681,The Week Of
682,The White Helmets
683,The Wolf's Call
684,The World Is Yours
685,Theo Von: No Offense
686,They’ll Love Me When I’m Dead
687,Tiffany Haddish: Black Mitzvah
688,Tig
689,Tig Notaro Happy To Be Here
690,Time Share
691,To All the Boys I’ve Loved Before
692,"To Each, Her Own"
693,To the Bone
694,Todd Barry: Spicy Honey
695,Todd Glass: Act Happy
696,Todo lo que sería Lucas Lauriente
697,Tom Segura: Disgraceful
698,Tom Segura: Mostly Stories
699,Tony Robbins: I Am Not Your Guru
700,Tracy Morgan: Staying Alive
701,Trailer Park Boys Live at the North Pole
702,Trailer Park Boys Live In F**kin' Dublin
703,"Trailer Park Boys: Drunk, High and Unemployed: Live in Austin"
704,Tramps
705,Travis Scott: Look Mom I Can Fly
706,Trevor Noah: Afraid of the Dark
707,Trevor Noah: Son of Patricia
708,Triple Frontier
709,True Memoirs of an International Assassin
710,True: Grabbleapple Harvest
711,True: Happy Hearts Day
712,True: Tricky Treat Day
713,True: Winter Wishes
714,Tune in for Love
715,Two Catalonias
716,Unicorn Store
717,Upstarts
718,Us and Them
719,Velvet Buzzsaw
720,Vir Das: Abroad Understanding
721,Vir Das: Losing It
722,Virunga
723,Voyeur
724,W. Kamau Bell: Private School Negro
725,Walk. Ride. Rodeo.
726,Wanda Sykes: Not Normal
727,War Machine
728,What Happened to Monday
729,"What Happened, Miss Simone?"
730,Wheelman
731,When Angels Sleep
732,When We First Met
733,Whindersson Nunes: Adult
734,White Fang
735,Whitney Cummings: Can I Touch It?
736,Who Would You Take to a Deserted Island?
737,Willy and the Guardians of the Lake: Tales from the Lakeside Winter Adventure
738,Win It All
739,Wine Country
740,Winter on Fire: Ukraine's Fight for Freedom
741,XOXO
742,Yoo Byung Jae: Discomfort Zone
743,Yoo Byung Jae: Too Much Information
744,You Get Me
745,Your Son
746,Yucatán
747,Zion
