,tvlinks
0,/show/breaking-bad-2008
1,/show/stranger-things-2016
2,/show/avatar-the-last-airbender-2005
3,/show/dark-2017
4,/show/sherlock-2010
5,/show/money-heist-2017
6,/show/supernatural-2005
7,/show/the-office-2005
8,/show/attack-on-titan-2013
9,/show/better-call-saul-2015
10,/show/black-mirror-2011
11,/show/peaky-blinders-2013
12,/show/the-walking-dead-2010
13,/show/narcos-2015
14,/show/community-2009
15,/show/mindhunter-2017
16,/show/marvels-daredevil-2015
17,/show/dexter-2006
18,/show/ozark-2017
19,/show/fullmetal-alchemist-brotherhood-2009
20,/show/parks-and-recreation-2009
21,/show/mad-men-2007
22,/show/twin-peaks-1990
23,/show/one-punch-man-2015
24,/show/the-100-2014
25,/show/the-witcher-2020
26,/show/the-good-place-2016
27,/show/outlander-2014
28,/show/house-of-cards-2013
29,/show/when-they-see-us-2019
30,/show/the-haunting-of-hill-house-2018
31,/show/marvels-agents-of-shield-2013
32,/show/shameless-2011
33,/show/lucifer-2016
34,/show/the-last-kingdom-2015
35,/show/the-flash-2014
36,/show/greys-anatomy-2005
37,/show/the-blacklist-2013
38,/show/orange-is-the-new-black-2013
39,/show/the-end-of-the-fing-world
40,/show/arrested-development-2003
41,/show/the-crown-2016
42,/show/the-vampire-diaries-2009
43,/show/how-to-get-away-with-murder-2014
44,/show/dead-to-me-2019
45,/show/american-crime-story-2016
46,/show/sense8-2015
47,/show/sacred-games-2018
48,/show/penny-dreadful-2014
49,/show/bojack-horseman-2014
50,/show/after-life-2019
51,/show/arrow-2012
52,/show/sex-education-2019
53,/show/star-trek-the-next-generation-1987
54,/show/broadchurch-2013
55,/show/the-it-crowd-2006
56,/show/unbelievable-2019
57,/show/the-twilight-zone-1959
58,/show/the-good-wife-2009
59,/show/elite-2018
60,/show/the-sinner-2017
61,/show/you-2018
62,/show/altered-carbon-2018
63,/show/marvels-jessica-jones-2015
64,/show/love-death-robots-2019
65,/show/the-umbrella-academy-2019
66,/show/marvels-the-punisher-2017
67,/show/bodyguard-2018
68,/show/new-girl-2011
69,/show/death-note-2006
70,/show/once-upon-a-time-2011
71,/show/master-of-none-2015
72,/show/the-west-wing-1999
73,/show/kingdom-2019
74,/show/schitts-creek-2015
75,/show/making-a-murderer-2015
76,/show/bates-motel-2013
77,/show/ash-vs-evil-dead-2015
78,/show/gomorrah-2014
79,/show/american-horror-story-2011
80,/show/atypical-2017
81,/show/13-reasons-why-2017
82,/show/gotham-2014
83,/show/narcos-mexico-2018
84,/show/riverdale-2017
85,/show/russian-doll-2019
86,/show/big-mouth
87,/show/our-planet-2019
88,/show/resurrection-ertugrul
89,/show/criminal-minds-2005
90,/show/dcs-legends-of-tomorrow-2016
91,/show/the-oa-2016
92,/show/castlevania-2017
93,/show/star-trek-1966
94,/show/neon-genesis-evangelion-1995
95,/show/the-vietnam-war-2017
96,/show/gilmore-girls-2000
97,/show/anne-2017
98,/show/fauda-2015
99,/show/chilling-adventures-of-sabrina-2018
100,/show/dirty-money-2018
101,/show/izombie-2015
102,/show/one-piece-1999
103,/show/weeds-2005
104,/show/into-the-badlands-2015
105,/show/ncis-2003
106,/show/grace-and-frankie-2015
107,/show/a-series-of-unfortunate-events-2017
108,/show/monty-pythons-flying-circus-1969
109,/show/halt-and-catch-fire-2014
110,/show/pose-2018
111,/show/food-wars-shokugeki-no-soma-2015
112,/show/person-of-interest-2011
113,/show/naruto-2002
114,/show/queer-eye-2018
115,/show/hunter-x-hunter-2011
116,/show/scandal-2012
117,/show/lost-in-space-2018
118,/show/godless-2017
119,/show/star-trek-deep-space-nine-1993
120,/show/unbreakable-kimmy-schmidt-2015
121,/show/alias-grace-2017
122,/show/jane-the-virgin-2014
123,/show/glow-2017
124,/show/rectify-2013
125,/show/santa-clarita-diet-2017
126,/show/good-girls-2017
127,/show/manhunt-unabomber-2017
128,/show/marvels-luke-cage-2016
129,/show/maniac
130,/show/the-dragon-prince-2018
131,/show/american-vandal-2017
132,/show/charmed-1998
133,/show/gossip-girl-2007
134,/show/wild-wild-country-2018
135,/show/colony-2016
136,/show/the-dark-crystal-age-of-resistance
137,/show/dark-matter-2015
138,/show/locked-up-2015
139,/show/f-is-for-family-2015
140,/show/reign-2013
141,/show/longmire-2012
142,/show/the-tudors-2007
143,/show/queen-of-the-south-2016
144,/show/derry-girls-2018
145,/show/happy-2017
146,/show/star-trek-voyager-1995
147,/show/the-inbetweeners-2008
148,/show/supergirl-2015
149,/show/the-borgias-2011
150,/show/one-day-at-a-time-2017
151,/show/the-kominsky-method-2018
152,/show/love-2016
153,/show/ripper-street-2012
154,/show/marvels-the-defenders-2017
155,/show/the-shannara-chronicles-2016
156,/show/the-order-2019
157,/show/waco-2018
158,/show/the-4400-2004
159,/show/mystery-science-theater-3000-1988
160,/show/hell-on-wheels-2011
161,/show/designated-survivor-2016
162,/show/extras-2005
163,/show/jonathan-strange-mr-norrell-2015
164,/show/the-spy-2019
165,/show/marco-polo-2014
166,/show/limitless-2015
167,/show/on-my-block-2018
168,/show/the-fosters-2013
169,/show/bleach-2004
170,/show/marcella-2016
171,/show/call-the-midwife-2012
172,/show/dirty-john-2018
173,/show/delhi-crime-2019
174,/show/top-boy-2011
175,/show/haven-2010
176,/show/wynonna-earp-2016
177,/show/soul-eater-2008
178,/show/bloodline-2015
179,/show/hart-of-dixie-2011
180,/show/haikyu-2014
181,/show/chewing-gum-2015
182,/show/travelers-2016
183,/show/merlin-2008
184,/show/that-70s-show-1998
185,/show/the-magicians-2015
186,/show/malcolm-in-the-middle-2000
187,/show/dont-fk-with-cats-hunting-an-internet-killer-2019
188,/show/chefs-table-2015
189,/show/lost-girl-2010
190,/show/episodes-2011
191,/show/turn-washingtons-spies-2014
192,/show/dead-set-2008
193,/show/galavant-2015
194,/show/living-with-yourself-2019
195,/show/crash-landing-on-you
196,/show/crazy-ex-girlfriend-2015
197,/show/marvels-iron-fist-2017
198,/show/blue-mountain-state-2010
199,/show/detective-conan-1996
200,/show/the-keepers-2017
201,/show/allo-allo-1984
202,/show/the-originals-2013
203,/show/shera-and-the-princesses-of-power-2018
204,/show/star-trek-enterprise-2001
205,/show/queer-as-folk-1999
206,/show/disenchantment-2018
207,/show/ezel-2009
208,/show/heartland-2007
209,/show/nurse-jackie-2009
210,/show/cheers-1982
211,/show/imposters-2017
212,/show/pokemon-1997
213,/show/american-crime-2015
214,/show/madam-secretary-2014
215,/show/hilda
216,/show/the-politician-2019
217,/show/doctor-foster-2015
218,/show/jojos-bizarre-adventure-2012
219,/show/the-staircase-2005
220,/show/voltron-legendary-defender-2016
221,/show/glee-2009
222,/show/fairy-tail-2009
223,/show/lilyhammer-2012
224,/show/better-than-us-2018
225,/show/portlandia-2011
226,/show/safe-2018
227,/show/babylon-berlin-2017
228,/show/legacies-2018
229,/show/the-society-2019
230,/show/helix-2014
231,/show/five-came-back-2017
232,/show/ghoul-2018
233,/show/fullmetal-alchemist-2003
234,/show/marianne-2019
235,/show/evil-genius-2018
236,/show/skins-2007
237,/show/medici-masters-of-florence-2016
238,/show/glitch-2015
239,/show/last-tango-in-halifax-2012
240,/show/the-mechanism-2018
241,/show/north-south-2004
242,/show/raising-dion
243,/show/versailles-2015
244,/show/erased-2016
245,/show/documentary-now-2015
246,/show/code-geass-lelouch-of-the-rebellion-2006
247,/show/everything-sucks-2018
248,/show/secret-city-2016
249,/show/time-the-kalief-browder-story-2017
250,/show/parasyte-the-maxim-2014
251,/show/quantico-2015
252,/show/the-rain-2018
253,/show/the-seven-deadly-sins-2015
254,/show/your-lie-in-april-2014
255,/show/shooter-2016
256,/show/the-toys-that-made-us
257,/show/fuller-house-2016
258,/show/abstract-the-art-of-design-2017
259,/show/flowers-2016
260,/show/wentworth-2013
261,/show/frequency-2016
262,/show/sword-art-online-2012
263,/show/the-devil-next-door-2019
264,/show/frontier-2016
265,/show/inuyasha-2000
266,/show/the-chef-show-2019
267,/show/trailer-park-boys-2001
268,/show/rurouni-kenshin-1996
269,/show/merli-2015
270,/show/star-crossed-2014
271,/show/akame-ga-kill-2014
272,/show/seven-seconds
273,/show/baby-2018
274,/show/bordertown-2016
275,/show/london-spy-2015
276,/show/the-hollow-2018
277,/show/3-2016
278,/show/hyperdrive-2019
279,/show/daybreak-2019
280,/show/black-lightning-2018
281,/show/zoo-2015
282,/show/ancient-aliens-2010
283,/show/mr-iglesias-2019
284,/show/derek-2012
285,/show/mars-2016
286,/show/last-chance-u-2016
287,/show/miraculous-tales-of-ladybug-cat-noir-2015
288,/show/anohana-the-flower-we-saw-that-day-2011
289,/show/scooby-doo-mystery-incorporated-2010
290,/show/beauty-and-the-beast-2012
291,/show/hemlock-grove-2013
292,/show/the-andy-griffith-show-1960
293,/show/frozen-planet-2011
294,/show/descendants-of-the-sun-2016
295,/show/knightfall
296,/show/easy-2016
297,/show/rake-2010
298,/show/the-confession-killer-2019
299,/show/el-internado-2007
300,/show/cold-justice-2013
301,/show/the-ranch-2016
302,/show/dear-white-people-2017
303,/show/insatiable-2018
304,/show/all-american-2018
305,/show/yeh-meri-family-2018
306,/show/1983-2018
307,/show/spotless-2015
308,/show/containment-2016
309,/show/kengan-ashura-2019
310,/show/africa-2013
311,/show/meteor-garden-2018
312,/show/private-practice-2007
313,/show/baki-2018
314,/show/bad-blood-2017
315,/show/nailed-it-2018
316,/show/carmen-sandiego-2019
317,/show/formula-1-drive-to-survive-2019
318,/show/young-hungry-2014
319,/show/the-confession-tapes-2017
320,/show/the-frankenstein-chronicles-2015
321,/show/collateral-2018
322,/show/special-2019
323,/show/bonding-2019
324,/show/saint-seiya-1986
325,/show/aquarius-2015
326,/show/black-butler-2008
327,/show/no-tomorrow-2016
328,/show/inside-bills-brain-decoding-bill-gates-2019
329,/show/flint-town-2018
330,/show/battle-creek-2015
331,/show/black-summer-2019
332,/show/rilakkuma-and-kaoru-2019
333,/show/november-13-attack-on-paris
334,/show/dynasty-2017
335,/show/the-universe-2007
336,/show/white-gold-2017
337,/show/the-chalet-2018
338,/show/h2o-just-add-water-2006
339,/show/crazyhead-2016
340,/show/gurren-lagann-2007
341,/show/im-sorry-2017
342,/show/kims-convenience-2016
343,/show/my-next-guest-needs-no-introduction-with-david-letterman-2018
344,/show/scream-2015
345,/show/tales-of-arcadia-3-below-2018
346,/show/club-de-cuervos-2015
347,/show/the-great-british-bake-off-2010
348,/show/innocent-2017
349,/show/lego-ninjago-masters-of-spinjitzu-2012
350,/show/patriot-act-with-hasan-minhaj-2018
351,/show/when-calls-the-heart-2014
352,/show/the-night-shift-2014
353,/show/the-guild-2007
354,/show/kill-la-kill-2013
355,/show/devilman-crybaby-2018
356,/show/the-great-train-robbery-2013
357,/show/30-for-30-2009
358,/show/ramayan-1987
359,/show/the-get-down-2016
360,/show/surviving-r-kelly-2019
361,/show/forensic-files-1996
362,/show/violet-evergarden-2018
363,/show/wu-assassins-2019
364,/show/roswell-new-mexico-2019
365,/show/tuca-bertie-2019
366,/show/conan-2010
367,/show/el-chapo-2017
368,/show/trinkets-2019
369,/show/clannad-2007
370,/show/my-little-pony-friendship-is-magic-2010
371,/show/csi-miami-2002
372,/show/the-protector-2018
373,/show/great-news-2017
374,/show/the-curious-creations-of-christine-mcconnell-2018
375,/show/workin-moms-2017
376,/show/magi-the-labyrinth-of-magic-2012
377,/show/green-eggs-and-ham-2019
378,/show/good-witch-2015
379,/show/bitten-2014
380,/show/ugly-delicious
381,/show/get-shorty-2017
382,/show/comedians-in-cars-getting-coffee-2012
383,/show/watership-down-2017
384,/show/borgia-2011
385,/show/gypsy-2017
386,/show/friends-from-college-2017
387,/show/victorious-2010
388,/show/transformers-prime-2010
389,/show/alexa-katie-2018
390,/show/trollhunters-2016
391,/show/no-game-no-life-2014
392,/show/its-bruno-2019
393,/show/bard-of-blood-2019
394,/show/lovesick-2014
395,/show/gilmore-girls-a-year-in-the-life-2016
396,/show/the-gift-2019
397,/show/z-nation-2014
398,/show/wet-hot-american-summer-first-day-of-camp-2015
399,/show/mr-sunshine-2018
400,/show/dark-tourist-2018
401,/show/grand-hotel-2011
402,/show/wormwood-2017
403,/show/lab-rats-2012
404,/show/ouran-high-school-host-club-2006
405,/show/liv-and-maddie-2013
406,/show/losers-2019
407,/show/virgin-river-2019
408,/show/girl-from-nowhere-the-series-2018
409,/show/taken-2017
410,/show/the-innocent-man-2018
411,/show/damnation-2017
412,/show/undercover-2019
413,/show/in-the-dark-2019
414,/show/little-things-2016
415,/show/the-untamed-2019
416,/show/still-game-2002
417,/show/college-romance-2018
418,/show/valhalla-murders-2019
419,/show/the-messengers-2015
420,/show/cable-girls-2017
421,/show/the-curse-of-oak-island-2014
422,/show/lady-dynamite-2016
423,/show/magnificent-century-2011
424,/show/hot-girls-wanted-turned-on-2017
425,/show/girihaji-2019
426,/show/heirs-2013
427,/show/justice-league-unlimited-2004
428,/show/vampire-knight-2008
429,/show/is-it-wrong-to-try-to-pick-up-girls-in-a-dungeon-2015
430,/show/mystery-science-theater-3000-the-return-2017
431,/show/angel-beats-2010
432,/show/carole-tuesday-2019
433,/show/adam-ruins-everything-2015
434,/show/how-to-sell-drugs-online-fast-2019
435,/show/cleverman-2016
436,/show/explained-2018
437,/show/somebody-feed-phil-2018
438,/show/humsafar-2011
439,/show/the-devil-is-a-part-timer-2013
440,/show/requiem-2017
441,/show/pablo-escobar-the-drug-lord-2012
442,/show/american-odyssey-2015
443,/show/puella-magi-madoka-magica-2011
444,/show/el-barco-2011
445,/show/from-dusk-till-dawn-the-series-2014
446,/show/hinterland-2013
447,/show/tabula-rasa
448,/show/la-reina-del-sur-2011
449,/show/quicksand-2019
450,/show/grand-designs-1999
451,/show/the-letdown-2017
452,/show/power-rangers-1993
453,/show/teasing-master-takagisan-2018
454,/show/jericho-2006
455,/show/crashing-2016
456,/show/vikingane-2016
457,/show/rotten-2018
458,/show/the-legend-of-monkey-2018
459,/show/toy-boy-2019
460,/show/the-innocents-2018
461,/show/oliver-stones-untold-history-of-the-united-states-2012
462,/show/the-mind-explained-2019
463,/show/occupied-2015
464,/show/v-wars-2019
465,/show/diagnosis-2019
466,/show/shtisel-2013
467,/show/rhythm-flow-2019
468,/show/suburra-blood-on-rome
469,/show/vagabond-2019
470,/show/rita-2012
471,/show/seis-manos-2019
472,/show/w-bob-david-2015
473,/show/aggretsuko-2018
474,/show/the-irregular-at-magic-high-school-2014
475,/show/shes-gotta-have-it
476,/show/durarara-2010
477,/show/flaked-2016
478,/show/van-helsing-2016
479,/show/paradise-pd
480,/show/il-processo-2019
481,/show/fatestay-night-unlimited-blade-works-2014
482,/show/crossing-lines-2013
483,/show/the-code-2011
484,/show/answer-me-1988-2015
485,/show/knights-of-sidonia-2014
486,/show/black-money-love-2014
487,/show/criminal-uk-2019
488,/show/the-house-of-flowers-2018
489,/show/ad-the-bible-continues-2015
490,/show/sick-note-2017
491,/show/velvet-2014
492,/show/girlboss-2017
493,/show/the-mist-2017
494,/show/the-story-of-god-with-morgan-freeman-2016
495,/show/k-on-2009
496,/show/cells-at-work-2018
497,/show/whats-new-scooby-doo-2002
498,/show/hip-hop-evolution-2016
499,/show/bobby-kennedy-for-president-2018
500,/show/the-rise-of-phoenixes-2018
501,/show/toast-of-london-2013
502,/show/republic-of-doyle-2010
503,/show/the-five-2016
504,/show/something-in-the-rain-2018
505,/show/black-earth-rising-2018
506,/show/signal-2016
507,/show/robotech-1985
508,/show/fatestay-night-2006
509,/show/salt-fat-acid-heat-2018
510,/show/slugterra-2012
511,/show/call-my-agent-2015
512,/show/well-intended-love-2019
513,/show/huntik-secrets-seekers-2009
514,/show/beastars-2019
515,/show/what-if-2019
516,/show/secret-forest-2017
517,/show/sofia-the-first-2013
518,/show/blue-exorcist-2011
519,/show/boys-over-flowers-2009
520,/show/greenhouse-academy
521,/show/maid-sama-2010
522,/show/wanted-2016
523,/show/el-marginal-2016
524,/show/the-assets-2014
525,/show/nightflyers-2018
526,/show/a-korean-odyssey-2017
527,/show/dating-around-2019
528,/show/terrace-house-tokyo-20192020-2019
529,/show/world-war-ii-in-hd-colour-2009
530,/show/the-last-og-2018
531,/show/the-final-table
532,/show/inspector-gadget-1983
533,/show/car-masters-rust-to-riches-2018
534,/show/the-time-in-between-2013
535,/show/norm-macdonald-has-a-show
536,/show/i-think-you-should-leave-with-tim-robinson-2019
537,/show/people-just-do-nothing-2014
538,/show/magic-for-humans-2018
539,/show/slasher-2016
540,/show/midnight-diner-tokyo-stories-2016
541,/show/chuunibyou-2012
542,/show/tidying-up-with-marie-kondo-2019
543,/show/boru-2018
544,/show/arthdal-chronicles-2019
545,/show/k-2012
546,/show/teresa-2010
547,/show/daniel-sloss-live-shows
548,/show/turn-up-charlie-2019
549,/show/charite-2017
550,/show/dads-army-1968
551,/show/monthly-girls-nozaki-kun-2014
552,/show/trigger-warning-with-killer-mike
553,/show/hostages-2013
554,/show/wanderlust-2018
555,/show/typewriter-2019
556,/show/between-2015
557,/show/megalobox-2018
558,/show/brain-games-2011
559,/show/hap-and-leonard-2016
560,/show/memories-of-the-alhambra-2018
561,/show/kantaro-the-sweet-tooth-salaryman
562,/show/greenleaf-2016
563,/show/the-mysteries-of-laura-2014
564,/show/chambers-2019
565,/show/the-standups-2017
566,/show/zindagi-gulzar-ha-2012
567,/show/another-life-2019
568,/show/tidelands-2018
569,/show/mako-island-of-secrets-2013
570,/show/bad-education-2012
571,/show/the-family-2019
572,/show/the-nineties
573,/show/the-good-cop-2018
574,/show/dogs-2018
575,/show/who-killed-little-gregory
576,/show/the-moaning-of-life-2013
577,/show/dolly-partons-heartstrings-2019
578,/show/mischievous-kiss-love-in-tokyo-2013
579,/show/zone-blanche-2017
580,/show/wwii-in-hd-2009
581,/show/red-vs-blue-2003
582,/show/the-bernie-mac-show-2001
583,/show/happyish-2015
584,/show/silver-spoon-2014
585,/show/fast-furious-spy-racers-2019
586,/show/roman-empire-reign-of-blood-2016
587,/show/charmed-2018
588,/show/home-for-christmas-2019
589,/show/the-disastrous-life-of-saiki-k-2016
590,/show/rubi-2004
591,/show/goosebumps-1995
592,/show/nobel-2016
593,/show/deadwind-2018
594,/show/erased-2017
595,/show/sym-bionic-titan-2010
596,/show/deep-water-2016
597,/show/selection-day-2018
598,/show/good-morning-call-2016
599,/show/intelligence-2006
600,/show/winx-club-2004
601,/show/cold-case-files-1999
602,/show/b-the-beginning-2018
603,/show/offspring-2010
604,/show/girls-und-panzer-2012
605,/show/trailer-park-boys-the-animated-series-2019
606,/show/drugs-inc-2010
607,/show/black-2017
608,/show/dogs-of-berlin-2018
609,/show/yu-gi-oh-1998
610,/show/terrace-house-boys-girls-in-the-city-2016
611,/show/shaka-zulu-1986
612,/show/sonic-x-2003
613,/show/the-joel-mchale-show-with-joel-mchale-2018
614,/show/three-lives-three-worlds-ten-miles-of-peach-blossoms-2017
615,/show/greatest-events-of-world-war-ii-in-colour-2019
616,/show/the-code-2014
617,/show/traitors-2019
618,/show/the-break-2016
619,/show/wild-district-2018
620,/show/surviving-escobar-alias-jj-2017
621,/show/sunderland-til-i-die-2018
622,/show/bondi-rescue-2006
623,/show/cannon-busters-2019
624,/show/casanova-2005
625,/show/when-the-camellia-blooms-2019
626,/show/the-magic-school-bus-1994
627,/show/prison-playbook-2017
628,/show/the-windsors-2016
629,/show/the-movies-that-made-us-2019
630,/show/busted-2008
631,/show/northern-rescue-2019
632,/show/ashes-of-love-2018
633,/show/the-hook-up-plan-2018
634,/show/reckoning-2019
635,/show/killer-seven-2018
636,/show/unsolved
637,/show/total-drama-island-2007
638,/show/wakfu-2008
639,/show/the-method-2015
640,/show/the-worst-witch-2017
641,/show/my-first-first-love-2019
642,/show/comedy-bang-bang-2012
643,/show/velvet-coleccion
644,/show/bella-and-the-bulldogs-2015
645,/show/the-k2-2016
646,/show/ultraman-2019
647,/show/hitlers-circle-of-evil-2017
648,/show/disjointed-2017
649,/show/the-boss-baby-back-in-business
650,/show/march-comes-in-like-a-lion-2016
651,/show/rebellion-2016
652,/show/life-sentence-2018
653,/show/la-familia-p-luche-2002
654,/show/the-worlds-most-extraordinary-homes-2017
655,/show/tales-of-the-city-2019
656,/show/bunkd-2015
657,/show/sin-senos-si-hay-paraiso-2016
658,/show/no-good-nick-2019
659,/show/american-masters-1986
660,/show/family-reunion-2019
661,/show/el-chapulin-colorado-1972
662,/show/you-vs-wild-2019
663,/show/strangers-from-hell-2019
664,/show/chelsea-does-2016
665,/show/eastsiders-2012
666,/show/romance-is-a-bonus-book-2019
667,/show/man-like-mobeen-2017
668,/show/kiss-me-first
669,/show/high-seas-2019
670,/show/haters-back-off-2016
671,/show/a-very-secret-service-2015
672,/show/cinderella-and-four-knights-2016
673,/show/queer-eye-were-in-japan-2019
674,/show/my-babysitters-a-vampire-2011
675,/show/one-of-us-2016
676,/show/the-disappearance-of-madeleine-mccann-2019
677,/show/man-to-man-2017
678,/show/the-end-2012
679,/show/rust-valley-restorers-2018
680,/show/oh-my-ghostess-2015
681,/show/the-naked-director-2019
682,/show/highway-thru-hell-2012
683,/show/accidentally-in-love-2018
684,/show/unauthorized-living-2018
685,/show/ben-10-2016
686,/show/most-beautiful-thing-2019
687,/show/la-mante-2017
688,/show/free-rein-2017
689,/show/jack-whitehall-travels-with-my-father-2017
690,/show/cuckoo-2012
691,/show/parfum-2018
692,/show/my-country-the-new-age-2019
693,/show/god-eater-2015
694,/show/go-live-your-way-2019
695,/show/paranoid-2016
696,/show/answer-me-1994-2013
697,/show/mobile-suit-gundam-iron-blooded-orphans-2015
698,/show/selling-sunset-2019
699,/show/sirius-the-jaeger-2018
700,/show/high-score-girl-2018
701,/show/the-same-sky-2017
702,/show/cooked-2016
703,/show/always-a-witch-2019
704,/show/the-last-czars-2019
705,/show/louis-therouxs-weird-weekends-1998
706,/show/wet-hot-american-summer-10-years-later
707,/show/yunus-emre-askin-yolculugu-2015
708,/show/the-repair-shop-2017
709,/show/degrassi-next-class-2016
710,/show/intersection-2016
711,/show/nobodys-looking-2019
712,/show/champions-2017
713,/show/when-heroes-fly-2018
714,/show/samurai-gourmet-2017
715,/show/final-fantasy-xiv-dad-of-light-2017
716,/show/sword-art-online-alternative-gun-gale-online-2018
717,/show/case-2015
718,/show/le-bazar-de-la-charite-2019
719,/show/bride-of-the-water-god-2017
720,/show/who-killed-malcolm-x-2019
721,/show/cathedral-of-the-sea-2018
722,/show/kath-kim-2002
723,/show/la-foret-2017
724,/show/escape-to-the-country-2002
725,/show/nicky-jam-el-ganador-2018
726,/show/love-and-punishment-2010
727,/show/the-mire-2018
728,/show/gargantia-on-the-verdurous-planet-2013
729,/show/valor-2017
730,/show/man-down-2013
731,/show/buddha-2016
732,/show/billy-on-the-street-2011
733,/show/untold-stories-of-the-er-2004
734,/show/i-am-a-killer
735,/show/avlu-2018
736,/show/the-indian-detective-2017
737,/show/chosen-2013
738,/show/paquita-salas-2016
739,/show/james-acaster-repertoire-2018
740,/show/la-dona-2016
741,/show/put-your-head-on-my-shoulder-2019
742,/show/secret-love-affair-2014
743,/show/pine-gap-2018
744,/show/someone-like-you-2014
745,/show/the-eighties-2016
746,/show/vexed-2010
747,/show/medal-of-honor-2018
748,/show/kakegurui-2017
749,/show/the-honeymoon-stand-up-special-2018
750,/show/senora-acero-2014
751,/show/the-mind-of-a-chef-2012
752,/show/the-cartel-2008
753,/show/pee-wees-playhouse-1986
754,/show/tales-by-light-2015
755,/show/ingobernable-2017
756,/show/one-spring-night-2019
757,/show/monarca-2019
758,/show/terrace-house-opening-new-doors-2017
759,/show/hellevator-2015
760,/show/day-and-night-2017
761,/show/special-agent-oso-2009
762,/show/w1a-2014
763,/show/rookie-historian-goo-haeryung-2019
764,/show/the-boulet-brothers-dragula-2016
765,/show/cheese-in-the-trap-2016
766,/show/shadow-of-truth-2016
767,/show/marlon-2017
768,/show/little-witch-academia-2017
769,/show/dramaworld-2016
770,/show/reply-1997-2012
771,/show/trump-an-american-dream-2017
772,/show/masha-and-the-bear-2009
773,/show/the-lava-field-2014
774,/show/trotsky-2017
775,/show/magi-adventure-of-sinbad-2016
776,/show/skylines-2019
777,/show/46-2017
778,/show/pj-masks-2015
779,/show/marseille-2016
780,/show/land-girls-2009
781,/show/the-octonauts-2010
782,/show/braxton-family-values-2011
783,/show/transformers-rescue-bots-2012
784,/show/hangar-1-the-ufo-files-2014
785,/show/once-upon-a-time-in-lingjian-mountain-2019
786,/show/mr-young-2011
787,/show/merry-happy-whatever-2019
788,/show/sensitive-skin-2014
789,/show/dope
790,/show/round-planet-2016
791,/show/class-of-2017
792,/show/huge-in-france-2019
793,/show/somewhere-between-2017
794,/show/the-2000s-2018
795,/show/soundtrack-2019
796,/show/the-chase-2013
797,/show/luis-miguel-the-series-2018
798,/show/tunnel-2017
799,/show/anjaan-special-crimes-unit-2018
800,/show/li-xiao-long-chuan-qi-2008
801,/show/neo-yokio-2017
802,/show/highway-to-heaven-1984
803,/show/zumbos-just-desserts
804,/show/incomplete-life-2014
805,/show/yu-gi-oh-arc-v-2014
806,/show/taxi-brooklyn-2014
807,/show/stay-here-2018
808,/show/criminal-france-2019
809,/show/creeped-out-2017
810,/show/breakfast-lunch-dinner-2019
811,/show/kurt-seyit-and-sura-2014
812,/show/ultraviolet-2017
813,/show/the-iland-2019
814,/show/murder-mountain-2018
815,/show/big-dreams-small-spaces-2014
816,/show/oggy-and-the-cockroaches-1998
817,/show/super-wings-2015
818,/show/rostered-on-2017
819,/show/yo-kai-watch-2015
820,/show/street-food-2019
821,/show/girlfriends-guide-to-divorce-2014
822,/show/immortals-2018
823,/show/los-briceno-2019
824,/show/doomsday-preppers-2011
825,/show/the-hockey-girls-2019
826,/show/switched-2018
827,/show/borderline-2017
828,/show/troy-fall-of-a-city
829,/show/hormones-2013
830,/show/record-of-grancrest-war-2018
831,/show/danger-mouse-1981
832,/show/all-hail-king-julien-2015
833,/show/unnatural-selection-2019
834,/show/ice-fantasy-2016
835,/show/tiempos-de-guerra-2017
836,/show/bonus-family-2017
837,/show/chefs-table-france-2016
838,/show/the-long-long-holiday-2015
839,/show/designated-survivor-60-days-2019
840,/show/broken
841,/show/bumping-mics-with-jeff-ross-dave-attell-2018
842,/show/barbie-life-in-the-dreamhouse-2012
843,/show/green-frontier-2019
844,/show/osmosis-2019
845,/show/cooper-barretts-guide-to-surviving-life-2016
846,/show/the-super-mario-bros-super-show-1989
847,/show/the-inmate-2018
848,/show/7seeds-2019
849,/show/cocaine-coast
850,/show/jack-taylor-2013
851,/show/best-friends-whenever-2015
852,/show/la-nina-2016
853,/show/the-last-kids-on-earth-2019
854,/show/max-steel-2013
855,/show/the-sound-of-your-heart-2016
856,/show/diablero-2018
857,/show/iris-2009
858,/show/ultimate-beastmaster-2017
859,/show/nine-nine-time-travels-2013
860,/show/glow-up
861,/show/million-pound-menu-2018
862,/show/live-2018
863,/show/fallet-2017
864,/show/chicago-typewriter-2017
865,/show/the-kings-avatar-2019
866,/show/that-winter-the-wind-blows-2013
867,/show/enemigo-intimo-2018
868,/show/rapture-2018
869,/show/sisters-2017
870,/show/21-sarfarosh-saragarhi-1897-2018
871,/show/juana-ines-2016
872,/show/the-break-with-michelle-wolf-2018
873,/show/children-of-the-whales-2017
874,/show/killer-ratings-2019
875,/show/david-attenboroughs-natural-curiosities-2013
876,/show/cricket-fever-mumbai-indians-2019
877,/show/first-team-juventus-2018
878,/show/tiny-house-nation-2014
879,/show/the-supervet-2014
880,/show/the-stranded-2019
881,/show/leila-2019
882,/show/transformers-cyberverse-2018
883,/show/stephen-fry-in-america-2008
884,/show/pocoyo-2005
885,/show/americas-book-of-secrets-2012
886,/show/great-british-menu-2006
887,/show/we-are-the-wave-2019
888,/show/gunslinger-girl-2003
889,/show/dharmakshetra-2014
890,/show/the-frozen-dead-2017
891,/show/four-seasons-in-havana
892,/show/the-little-nyonya-2008
893,/show/skin-wars-2014
894,/show/killer-kids-2011
895,/show/inside-worlds-toughest-prisons-2016
896,/show/cant-cope-wont-cope-2016
897,/show/hache-2019
898,/show/secrets-of-great-british-castles-2015
899,/show/amo-2017
900,/show/the-wiggles-1998
901,/show/louis-theroux-miami-megajail-2011
902,/show/bad-guys-2014
903,/show/love-your-garden-2013
904,/show/lunatics-2019
905,/show/trolls-the-beat-goes-on-2018
906,/show/wizards-vs-aliens-2012
907,/show/bringing-sexy-back-2014
908,/show/stories-by-rabindranath-tagore-2015
909,/show/jinn-2019
910,/show/love-rain-2012
911,/show/white-rabbit-project-2016
912,/show/fateapocrypha-2017
913,/show/criminal-spain-2019
914,/show/servant-of-the-people-2015
915,/show/the-bachelor-2002
916,/show/fake-or-fortune-2011
917,/show/monty-python-almost-the-truth-2009
918,/show/bitter-daisies-2019
919,/show/el-dragon-return-of-a-warrior-2019
920,/show/class-of-92-out-of-their-league-2015
921,/show/abyss-2019
922,/show/brotherhood-2019
923,/show/if-i-hadnt-met-you-2018
924,/show/silvana-sin-lana-2016
925,/show/cannabis-2016
926,/show/the-road-to-calvary-2017
927,/show/sotus-the-series-2016
928,/show/borderline-2016
929,/show/the-unlisted-2019
930,/show/shadow-2019
931,/show/dancing-queen-2018
932,/show/la-piloto-2017
933,/show/a-cooks-tour-2002
934,/show/unit-42-2017
935,/show/twice-upon-a-time-2019
936,/show/adventures-of-sonic-the-hedgehog-1993
937,/show/chelsea-2016
938,/show/larva-island-2018
939,/show/meateater-2012
940,/show/the-mr-peabody-sherman-show-2015
941,/show/sid-the-science-kid-2008
942,/show/el-hotel-de-los-secretos-2016
943,/show/tomorrow-with-you-2017
944,/show/ever-after-high-2013
945,/show/el-chema-2016
946,/show/drug-lords-2018
947,/show/genius-of-the-modern-world-2016
948,/show/when-a-snail-falls-in-love
949,/show/captive-2016
950,/show/fated-to-love-you-2008
951,/show/spirit-riding-free-2017
952,/show/la-querida-del-centauro-2016
953,/show/instant-hotel-2017
954,/show/a-love-so-beautiful-2017
955,/show/the-inbestigators-2019
956,/show/bring-it-on-ghost-2016
957,/show/victim-number-8-2018
958,/show/the-adventures-of-puss-in-boots-2015
959,/show/einsatzgruppen-the-nazi-death-squads-2009
960,/show/nailed-it-holiday-2018
961,/show/ad-vitam-2018
962,/show/chuggington-2008
963,/show/ben-and-hollys-little-kingdom-2010
964,/show/atelier-2015
965,/show/kikoriki-2004
966,/show/the-sparticle-mystery-2011
967,/show/big-bad-beetleborgs-1996
968,/show/shot-in-the-dark-2017
969,/show/paranormal-survivor-2015
970,/show/crime-diaries-the-candidate-2019
971,/show/trailer-park-boys-out-of-the-park-2016
972,/show/ask-the-storybots-2016
973,/show/granblue-fantasy-the-animation-2017
974,/show/the-day-i-met-el-chapo-2017
975,/show/playing-with-fire-2019
976,/show/apache-la-vida-de-carlos-tevez-2019
977,/show/here-to-heart-2018
978,/show/transformers-robots-in-disguise-2015
979,/show/steampunkd-2015
980,/show/girls-hostel-2018
981,/show/loaded-2017
982,/show/christiane-amanpour-sex-love-around-the-world-2018
983,/show/1994-2019
984,/show/the-kindness-diaries-2017
985,/show/the-disguiser-2015
986,/show/rishtacom-2010
987,/show/autumns-concerto-2009
988,/show/limmys-show-2009
989,/show/kevin-hart-dont-fk-this-up-2019
990,/show/crematorio-2011
991,/show/20-minutes-2013
992,/show/another-miss-oh-2016
993,/show/the-queen-of-flow-2018
994,/show/puffin-rock-2015
995,/show/ninja-hattori-1981
996,/show/nadiyas-time-to-eat-2019
997,/show/winter-sun
998,/show/yukon-gold-2013
999,/show/rica-famosa-latina-2014
1000,/show/bill-nye-saves-the-world-2017
1001,/show/garth-brooks-the-road-im-on-2019
1002,/show/a-little-thing-called-first-love-2019
1003,/show/the-disastrous-life-of-saiki-k-reawakened-2019
1004,/show/revolutionary-love-2017
1005,/show/secret-agent-selection-ww2-2018
1006,/show/a-thousand-days-promise-2011
1007,/show/tokyo-trial-2016
1008,/show/residue-2015
1009,/show/brainchild-2018
1010,/show/lost-found-music-studios-2015
1011,/show/the-neighbor-2019
1012,/show/cant-pay-well-take-it-away-2014
1013,/show/astronomy-club-the-sketch-show-2019
1014,/show/rabbids-invasion-2013
1015,/show/72-dangerous-animals-latin-america
1016,/show/last-chance-to-see-2009
1017,/show/triad-princess-2019
1018,/show/the-comedy-lineup-2018
1019,/show/the-kirlian-frequency-2019
1020,/show/the-piano-forest-2018
1021,/show/dinosaur-king-2007
1022,/show/girls-incarcerated-2018
1023,/show/sea-of-plastic-2015
1024,/show/family-business-2019
1025,/show/my-life-2014
1026,/show/scare-tactics-2003
1027,/show/monzon-a-knockout-blow-2019
1028,/show/refresh-man-2016
1029,/show/peasants-rebellion-2018
1030,/show/hymn-of-death-2018
1031,/show/aussie-gold-hunters-2017
1032,/show/power-rangers-beast-morphers-2019
1033,/show/pup-academy-2019
1034,/show/sword-gai-the-animation-2018
1035,/show/griselda-blanco-the-black-widow-2014
1036,/show/the-fugitive-2013
1037,/show/duenos-del-paraiso-2015
1038,/show/two-sentence-horror-stories-2017
1039,/show/college-behind-bars-2019
1040,/show/the-prince-of-tennis-2019
1041,/show/el-clon-2000
1042,/show/the-garfield-show-2009
1043,/show/the-dark-charisma-of-adolf-hitler-2012
1044,/show/the-deep-2016
1045,/show/interior-design-masters-2019
1046,/show/examination-of-conscience-2019
1047,/show/kings-war
1048,/show/the-chosen-one-2019
1049,/show/release-the-hounds-2013
1050,/show/welcome-to-the-family-2013
1051,/show/dinner-for-five-2001
1052,/show/altes-geld-2015
1053,/show/dear-my-friends-2016
1054,/show/scam-city-2012
1055,/show/cupcake-dino-general-services-2018
1056,/show/chewin-the-fat-1999
1057,/show/the-a-list-2018
1058,/show/keizersvrouwen-2019
1059,/show/21-thunder-2017
1060,/show/mortel-2019
1061,/show/true-crime-2005
1062,/show/the-story-of-maths-2008
1063,/show/the-story-of-us-with-morgan-freeman-2017
1064,/show/save-me-2017-1
1065,/show/fastest-car-2018
1066,/show/pop-team-epic-2018
1067,/show/prank-encounters-2019
1068,/show/jailbirds-2019
1069,/show/mighty-little-bheem-2019
1070,/show/tientsin-mystic-2017
1071,/show/blown-away-2019
1072,/show/meet-the-drug-lords-inside-the-real-narcos-2018
1073,/show/grand-designs-australia-2010
1074,/show/monty-dons-italian-gardens-2011
1075,/show/murder-maps-2015
1076,/show/powder-1995
1077,/show/black-heart-2016
1078,/show/100-hotter-2016
1079,/show/warrior-2018
1080,/show/lets-eat-2013
1081,/show/total-drama-presents-the-ridonculous-race-2015
1082,/show/skylanders-academy-2016
1083,/show/a-users-guide-to-cheating-death-2017
1084,/show/horrid-henry-2006
1085,/show/pac-man-and-the-ghostly-adventures-2013
1086,/show/72-dangerous-animals-australia-2014
1087,/show/lo-que-la-verdad-esconde-el-caso-asunta-operacion-nenufar-2017
1088,/show/wild-catch-chasing-monsters-2016
1089,/show/the-royal-house-of-windsor-2017
1090,/show/13-reasons-why-beyond-the-reasons-2017
1091,/show/the-epic-tales-of-captain-underpants-2018
1092,/show/love-through-a-millennium-2015
1093,/show/world-of-winx-2016
1094,/show/the-fix-2018
1095,/show/gods-quiz-2010
1096,/show/aico-incarnation-2018
1097,/show/the-cat-in-the-hat-knows-a-lot-about-that-2010
1098,/show/amazing-interiors-2018
1099,/show/zak-storm-2016
1100,/show/hyoris-bed-and-breakfast-2017
1101,/show/el-chavo-animado-2006
1102,/show/levius-2019
1103,/show/so-awkward-2015
1104,/show/back-to-1989-2016
1105,/show/an-hour-to-save-your-life-2014
1106,/show/cheer-squad-2016
1107,/show/hibana-spark-2016
1108,/show/moving-art-2007
1109,/show/i-hear-you-2019
1110,/show/shark-2015
1111,/show/the-beginning-of-life-the-series-2016
1112,/show/embarrassing-bodies-2007
1113,/show/filinta-bir-osmanli-polisiyesi-2014
1114,/show/strawberry-shortcake-2003
1115,/show/taco-chronicles-2019
1116,/show/amazing-hotels-life-beyond-the-lobby-2017
1117,/show/fightworld-2018
1118,/show/mythomanic-2019
1119,/show/rosario-tijeras-2016
1120,/show/vr-troopers-1994
1121,/show/toon-2016
1122,/show/gentlemen-gangsters-2016
1123,/show/suits-2018
1124,/show/cheo-yong-2014
1125,/show/coach-snoop-2018
1126,/show/solomons-perjury-2016
1127,/show/the-real-football-factories-2006
1128,/show/hardy-bucks-2010
1129,/show/witch-hunt-a-century-of-murder-2015
1130,/show/the-club-2019
1131,/show/dinotrux-2015
1132,/show/hero-mask-2018
1133,/show/glitter-force-2012
1134,/show/super-drags-2018
1135,/show/campus-2009
1136,/show/mia-and-me-2012
1137,/show/bel-ami-2013
1138,/show/booba-2014
1139,/show/escape-to-the-continent-2014
1140,/show/lost-song-2018
1141,/show/redfern-now-2012
1142,/show/ingress-the-animation-2018
1143,/show/flavorful-origins-2019
1144,/show/malibu-rescue-the-series-2019
1145,/show/yanxi-palace-princess-adventures-2019
1146,/show/johnny-test-2005
1147,/show/razia-sultan-2015
1148,/show/just-you-2013
1149,/show/sintonia-2019
1150,/show/mentendstu-2019
1151,/show/super-monsters-2017
1152,/show/my-sassy-girl-2017
1153,/show/raiders-of-the-lost-art-2016
1154,/show/the-irish-mob-2006
1155,/show/danger-mouse-2015
1156,/show/julies-greenroom-2017
1157,/show/45-rpm-2019
1158,/show/outback-truckers-2012
1159,/show/the-big-family-cooking-showdown-2017
1160,/show/raja-rasoi-aur-anya-kahaniyan
1161,/show/bat-pat-2016
1162,/show/dragon-pilot-hisone-and-masotan-2018
1163,/show/lords-and-ladles-2015
1164,/show/samantha-2018
1165,/show/noddy-toyland-detective-2016
1166,/show/kuromukuro-2016
1167,/show/on-children-2018
1168,/show/minute-to-win-it-2010
1169,/show/diamond-lover-2015
1170,/show/el-reemplazante-2012
1171,/show/my-only-love-song-2017
1172,/show/haunted-2018
1173,/show/awake-the-million-dollar-game-2019
1174,/show/my-little-pony-equestria-girls-specials
1175,/show/maradona-in-mexico-2019
1176,/show/black-hollywood-theyve-gotta-have-us-2018
1177,/show/back-with-the-ex-2019
1178,/show/72-dangerous-animals-asia-2018
1179,/show/ninja-turtles-the-next-mutation-1997
1180,/show/buddy-thunderstruck-2017
1181,/show/goldie-bear-2015
1182,/show/nowhere-man-2019
1183,/show/fried-2015
1184,/show/the-magic-school-bus-rides-again-2017
1185,/show/conspiracy-2015
1186,/show/oscars-oasis-2012
1187,/show/72-dangerous-places-to-live-2016
1188,/show/bare-knuckle-fight-club-2017
1189,/show/holiday-secrets-2019
1190,/show/chocolate-2019
1191,/show/monkey-life-2007
1192,/show/natures-weirdest-events-2012
1193,/show/total-drama-action-2009
1194,/show/night-teacher-2016
1195,/show/live-up-to-your-name-2017
1196,/show/to-be-continued-2015
1197,/show/geronimo-stilton-2009
1198,/show/little-lunch-2015
1199,/show/44-cats-2019
1200,/show/basketball-or-nothing-2019
1201,/show/revisions-2019
1202,/show/magmel-of-the-sea-blue-2019
1203,/show/the-prince-who-turns-into-a-frog-2005
1204,/show/last-2015
1205,/show/killer-women-with-piers-morgan-2016
1206,/show/worst-year-of-my-life-again-2014
1207,/show/hotel-transylvania-the-television-series-2017
1208,/show/a-taiwanese-tale-of-two-cities-2018
1209,/show/the-lies-within-2019
1210,/show/legend-quest-2017
1211,/show/what-happens-to-my-family-2014
1212,/show/the-who-was-show-2018
1213,/show/extraterrestrial-2014
1214,/show/real-rob-2015
1215,/show/a-little-help-with-carol-burnett-2018
1216,/show/the-great-interior-design-challenge-2014
1217,/show/keeping-up-with-the-joneses-2010
1218,/show/fartsa-2015
1219,/show/first-and-last-2018
1220,/show/dollar-2019
1221,/show/memory-love-2017
1222,/show/the-great-escape-2012
1223,/show/lego-friends-2012
1224,/show/the-bionic-vet-2010
1225,/show/inspector-gadget-2015
1226,/show/maniac-2015
1227,/show/fateextra-last-encore-2018
1228,/show/battlefish-2018
1229,/show/hidden-worlds-2018
1230,/show/netflix-presents-the-characters-2016
1231,/show/tong-memories-2016
1232,/show/brojects-2016
1233,/show/hamossad-sipur-kisuy-2017
1234,/show/yu-gi-oh-zexal-2011
1235,/show/unit-pandora-2018
1236,/show/molang-2016
1237,/show/historical-roasts
1238,/show/los-heroes-del-norte-2011
1239,/show/wild-arabia-2013
1240,/show/pacific-heat-2016
1241,/show/criminal-germany-2019
1242,/show/inside-the-criminal-mind-2001
1243,/show/afflicted-2018
1244,/show/all-about-the-washingtons-2018
1245,/show/crime-diaries-night-out-2019
1246,/show/the-worlds-war-forgotten-soldiers-of-empire-2014
1247,/show/behind-enemy-lines-2001
1248,/show/japanese-style-originator-2008
1249,/show/terrorism-close-calls-2018
1250,/show/fall-in-love-with-me-2014
1251,/show/the-american-bible-challenge-2012
1252,/show/unrequited-love-2019
1253,/show/night-light-2016
1254,/show/dawn-of-the-croods-2015
1255,/show/mob-psycho-100-2018
1256,/show/motown-magic-2018
1257,/show/bakugan-battle-planet-2018
1258,/show/beat-bugs-2016
1259,/show/oddbods-2016
1260,/show/barbie-dreamhouse-adventures-2018
1261,/show/larry-charles-dangerous-world-of-comedy-2019
1262,/show/ainori-love-wagon-asian-journey-2017
1263,/show/dragons-rescue-riders-2019
1264,/show/heavy-rescue-401-2017
1265,/show/thirteen-terrors-2014
1266,/show/burnistoun-2009
1267,/show/angry-birds-toons-2013
1268,/show/yankee-2019
1269,/show/my-husband-wont-fit-2019
1270,/show/la-ley-secreta-2018
1271,/show/baby-daddy-2015
1272,/show/72-cutest-animals-2016
1273,/show/zig-and-sharko-2011
1274,/show/bala-loca-2016
1275,/show/sugar-rush-christmas-2019
1276,/show/hello-ninja
1277,/show/talking-tom-and-friends-2014
1278,/show/cain-and-abel-2009
1279,/show/club-de-cuervos-presents-the-ballad-of-hugo-sanchez-2018
1280,/show/estocolmo-2016
1281,/show/ending-so-gently-2017
1282,/show/monty-pythons-fliegender-zirkus-1972
1283,/show/strawberry-shortcakes-berry-bitty-adventures-2010
1284,/show/my-runway
1285,/show/remind-2017
1286,/show/ice-road-rescue-2015
1287,/show/go-back-to-where-you-came-from-2011
1288,/show/a-boy-named-flora-a-2017
1289,/show/chosen-2018
1290,/show/three-days-of-christmas-2019
1291,/show/love-o2o
1292,/show/the-investigator-a-british-crime-story-2016
1293,/show/frank-elstner-just-one-last-question-2019
1294,/show/possessed-2019
1295,/show/shine-on-with-reese-2018
1296,/show/a-thousand-goodnights-2019
1297,/show/swift-and-shift-couriers-2008
1298,/show/archibalds-next-big-thing-2019
1299,/show/goodbye-mr-black-2016
1300,/show/age-of-glory
1301,/show/becoming-champions-2018
1302,/show/best-worst-weekend-ever-2018
1303,/show/blazing-transfer-students-2017
1304,/show/too-young-to-die-2012
1305,/show/the-gods-of-wheat-street-2014
1306,/show/project-mc-2015
1307,/show/days-we-stared-at-the-sun-2010
1308,/show/fantastic-2016
1309,/show/monty-pythons-personal-best-2006
1310,/show/a-man-called-god-2010
1311,/show/the-many-faces-of-ito-2017
1312,/show/women-behind-bars-2008
1313,/show/west-coast-customs-2013
1314,/show/the-rap-game-2016
1315,/show/friday-night-tykes-2014
1316,/show/the-mortified-guide-2018
1317,/show/moving-on-2009
1318,/show/brown-nation-2016
1319,/show/abnormal-summit
1320,/show/dont-watch-this-2018
1321,/show/i-am-the-ambassador-2014
1322,/show/mother-goose-club-2011
1323,/show/larva-2011
1324,/show/living-undocumented-2019
1325,/show/top-10-secrets-and-mysteries-2016
1326,/show/panda-and-hedgehog-2012
1327,/show/storage-wars-northern-treasures-2017
1328,/show/some-assembly-required-2014
1329,/show/the-fierce-wife-2010
1330,/show/fearless-2016
1331,/show/castle-and-castle-2018
1332,/show/close-your-eyes-before-its-dark-2016
1333,/show/homes-by-the-sea-2014
1334,/show/somewhere-only-we-know-2019
1335,/show/follow-this-2018
1336,/show/turbo-fast-2013
1337,/show/westside-2018
1338,/show/dinotrux-supercharged-2017
1339,/show/nurses-who-kill-2016
1340,/show/supervolcano-2005
1341,/show/the-new-adventures-of-figaro-pho-2015
1342,/show/fire-chasers-2017
1343,/show/hashoter-hatov-2015
1344,/show/can-we-get-married-2012
1345,/show/nura-rise-of-the-yokai-clan-2010
1346,/show/reboot-the-guardian-code
1347,/show/strong-2016
1348,/show/wildest-islands-2012
1349,/show/exhibit-a-2019
1350,/show/life-2018
1351,/show/dont-call-me-crazy-2013
1352,/show/ocean-giants-2011
1353,/show/engineering-girls-2019
1354,/show/extreme-engagement-2019
1355,/show/team-kaylie-2019
1356,/show/upin-ipin-2007
1357,/show/smoking-2018
1358,/show/death-by-magic-2018
1359,/show/tijuana-2019
1360,/show/ask-the-doctor-2017
1361,/show/worlds-busiest-cities-2017
1362,/show/anjaan-rural-myths-2018
1363,/show/fugitiva-2018
1364,/show/snow-wolf-family-and-me-2014
1365,/show/age-of-rebellion-2018
1366,/show/true-and-the-rainbow-kingdom-2017
1367,/show/take-my-brother-away-2018
1368,/show/age-gap-love-2014
1369,/show/the-degenerates-2018
1370,/show/a-cook-abroad-2015
1371,/show/flinch-2019
1372,/show/vroomiz
1373,/show/the-horn-2016
1374,/show/the-casketeers-2019
1375,/show/charlies-colorforms-city-2019
1376,/show/apaches-2015
1377,/show/africas-deadliest-2011
1378,/show/idiotest-2014
1379,/show/love-now-2012
1380,/show/home-adventures-with-tip-oh-2016
1381,/show/a-year-in-space-2016
1382,/show/whats-for-sale-with-a-view-2015
1383,/show/lockdown-2006
1384,/show/justin-time-2011
1385,/show/operation-proposal-2012
1386,/show/rides-upon-the-storm-2017
1387,/show/pacto-de-sangue-2018
1388,/show/the-murder-detectives-2015
1389,/show/drug-squad-costa-del-sol-2019
1390,/show/chug-2014
1391,/show/castlevania-hymn-of-blood-2012
1392,/show/boca-juniors-confidential
1393,/show/the-ollie-moon-show-2017
1394,/show/station-horizon-2015
1395,/show/legend-quest-masters-of-myth-2019
1396,/show/three-wives-one-husband-2017
1397,/show/skin-wars-fresh-paint-2016
1398,/show/arashis-diary-voyage-2019
1399,/show/lego-friends-girls-on-a-mission-2018
1400,/show/we-speak-dance-2018
1401,/show/pega-pega-2017
1402,/show/office-girls-2011
1403,/show/sadqay-tumhare-2014
1404,/show/bernard-2004
1405,/show/back-street-girls-goku-dolls-2018
1406,/show/parttime-idol-2017
1407,/show/monkey-planet-2014
1408,/show/tiffany-haddish-presents-they-ready-2019
1409,/show/popples
1410,/show/gunslinger-girl-il-teatrino-2008
1411,/show/bangkok-love-stories-innocence-2018
1412,/show/sparta-2018
1413,/show/julius-jr-2014
1414,/show/stretch-armstrong-the-flex-fighters-2017
1415,/show/khotey-sikkey-2011
1416,/show/megatruckers-2012
1417,/show/happy-jail-2019
1418,/show/my-little-lover-2015
1419,/show/border-patrol-2002
1420,/show/jim-hensons-word-party-2016
1421,/show/the-mekong-river-with-sue-perkins-2014
1422,/show/hoff-the-record-2015
1423,/show/prisoner-zero-2016
1424,/show/mary-portas-secret-shopper-2011
1425,/show/agent-2019
1426,/show/inside-the-freemasons-2017
1427,/show/comedians-of-the-world-2019
1428,/show/premier-league-legends-2014
1429,/show/lilys-driftwood-bay-2014
1430,/show/the-charming-stepmom-2019
1431,/show/murderous-affairs-2016
1432,/show/el-desconocido-2017
1433,/show/tango-2018
1434,/show/the-good-bandit-2019
1435,/show/richie-rich-2015
1436,/show/scaredy-squirrel-2011
1437,/show/pop-pixie-2011
1438,/show/littlest-pet-shop-a-world-of-our-own-2018
1439,/show/simon-1995
1440,/show/maya-the-bee-2013
1441,/show/the-writer-2019
1442,/show/twirlywoos-2015
1443,/show/chief-of-staff-2019
1444,/show/verliefd-op-ibiza-2013
1445,/show/the-dandy-2015
1446,/show/ghost-town-gold-2012
1447,/show/house-doctor-1998
1448,/show/ocean-mysteries-with-jeff-corwin-2011
1449,/show/the-paper-2008
1450,/show/life-plan-a-and-b-2016
1451,/show/the-motorbike-show-2011
1452,/show/dino-girl-gauko-2019
1453,/show/the-judgement-2018
1454,/show/traffic-cops-2003
1455,/show/clash-of-the-collectables-2017
1456,/show/monty-pythons-best-bits-mostly-2014
1457,/show/marching-orders-2018
1458,/show/i-am-me-2015
1459,/show/kong-king-of-the-apes-2016
1460,/show/oh-yuck-2017
1461,/show/empty-2008
1462,/show/robocar-poli-2011
1463,/show/spy-kids-mission-critical-2018
1464,/show/the-hollywood-masters-2017
1465,/show/veggietales-in-the-city-2017
1466,/show/canadas-worst-handyman-2006
1467,/show/carver-kings-2015
1468,/show/llama-llama
1469,/show/the-sniffer-2013
1470,/show/falsa-identidad-2018
1471,/show/the-sound-of-your-heart-reboot-2018
1472,/show/tales-of-irish-castles-2015
1473,/show/la-esquina-del-diablo-2015
1474,/show/singles-villa-2015
1475,/show/empire-games-2018
1476,/show/under-arrest-2016
1477,/show/the-dearest-lady-2015
1478,/show/hua-shi-ai-2012
1479,/show/lucid-dream-2017
1480,/show/clangers-2015
1481,/show/power-players-2019
1482,/show/h2o-mermaid-adventures-2015
1483,/show/cloudy-with-a-chance-of-meatballs-2017
1484,/show/cabins-in-the-wild-with-dick-strawbridge-2017
1485,/show/dou-yu-2004
1486,/show/fu-mu-ai-qing-2014
1487,/show/narcoworld-dope-stories-2019
1488,/show/commandos-2013
1489,/show/kulipari-an-army-of-frogs-2016
1490,/show/storybots-super-songs-2016
1491,/show/street-fighter-1995
1492,/show/yago-2016
1493,/show/ma-zui-feng-bao-2015
1494,/show/kulipari-dream-walker-2018
1495,/show/grizzy-the-lemmings-2016
1496,/show/bindis-bootcamp-2012
1497,/show/ponysitters-club-2017
1498,/show/devlok-with-devdutt-pattanaik-2015
1499,/show/the-hairy-bikers-asian-adventure-2014
1500,/show/blood-treasures-2016
1501,/show/stand-up-and-away-with-brian-regan-2018
1502,/show/vai-anitta-2018
1503,/show/the-drunk-and-on-drugs-happy-funtime-hour-2011
1504,/show/ella-the-elephant-2013
1505,/show/bangkok-buddies-2019
1506,/show/the-road-trick
1507,/show/winsanity-2016
1508,/show/the-defected-2019
1509,/show/birdie-buddy-2011
1510,/show/hidden-singer
1511,/show/really-me-2011
1512,/show/polly-pocket-2018
1513,/show/edha-2018
1514,/show/super-4-2014
1515,/show/twelve-forever-2019
1516,/show/prince-of-peoria-2018
1517,/show/wonders-of-the-monsoon-2014
1518,/show/slobbys-world-2017
1519,/show/tayo-the-little-bus-2010
1520,/show/droppin-cash-los-angeles-2018
1521,/show/the-crime-2014
1522,/show/in-family-we-trust-2018
1523,/show/bo-on-the-go-2007
1524,/show/weekend-aristocrats-2013
1525,/show/crime-time-2018
1526,/show/yoohoo-to-the-rescue-2019
1527,/show/mahi-way-2010
1528,/show/afghanistan-the-great-game-2012
1529,/show/el-cartel-2-2010
1530,/show/lookalikes-2016
1531,/show/earth-to-luna-2014
1532,/show/lo-que-la-vida-me-robo-2013
1533,/show/small-shots-2017
1534,/show/made-in-mexico-2018
1535,/show/animal-airport-2012
1536,/show/el-vato-2016
1537,/show/styling-hollywood-2019
1538,/show/monkey-twins-2018
1539,/show/chip-and-potato-2018
1540,/show/alphablocks-2010
1541,/show/pinky-malinky-2016
1542,/show/yg-future-strategy-office-2018
1543,/show/scams-2019
1544,/show/edge-of-the-universe-2002
1545,/show/buy-herself-2012
1546,/show/poh-co-2015
1547,/show/voice
1548,/show/court-justice-sydney-2017
1549,/show/the-last-nazis-2009
1550,/show/top-grier-2016
1551,/show/green-door-2019
1552,/show/darr-sabko-lagta-hai-2016
1553,/show/id-0-2017
1554,/show/everyday-miracles-the-genius-of-sofas-stockings-and-scanners-2014
1555,/show/space-racers-2014
1556,/show/the-perfect-match-2017
1557,/show/chuck-dannys-road-trip-2017
1558,/show/the-cravings-2017
1559,/show/yummy-mummies-2017
1560,/show/bromance-2008
1561,/show/camelia-la-texana-2014
1562,/show/against-the-tide-2014
1563,/show/after-the-raves-2016
1564,/show/cloroformo-2013
1565,/show/when-i-see-you-again-2015
1566,/show/fifty-2017
1567,/show/mega-builders-2010
1568,/show/cromo-2015
1569,/show/love-around-2013
1570,/show/inside-the-mind-of-a-serial-killer-2015
1571,/show/reno-my-reno-2015
1572,/show/cooking-on-high-2018
1573,/show/pororo-the-little-penguin-2003
1574,/show/harold-shipman-driven-to-kill-2014
1575,/show/daughters-of-destiny-2017
1576,/show/tip-the-mouse-2014
1577,/show/juana-brava-2015
1578,/show/true-tunes-2019
1579,/show/no-time-for-shame-2019
1580,/show/sleepless-society-insomnia-2019
1581,/show/indias-frontier-railways-2015
1582,/show/lego-elves-2015
1583,/show/splash-and-bubbles-2016
1584,/show/nailed-it-mexico-2019
1585,/show/nailed-it-france-2019
1586,/show/food-booze-tattoos-2015
1587,/show/the-big-ward-2016
1588,/show/atomic-puppet-2016
1589,/show/bad-trips-abroad-2013
1590,/show/jojos-world-2017
1591,/show/kiss-the-series-2016
1592,/show/yours-fatefully-2012
1593,/show/project-s-the-series-2017
1594,/show/russell-peters-vs-the-world-2013
1595,/show/sammy-co-2014
1596,/show/p-king-duckling
1597,/show/channel-wa-sonomama
1598,/show/chasing-cameron-2016
1599,/show/mega-food-2018
1600,/show/whisker-wars-2011
1601,/show/cocaine-2005
1602,/show/tobot-2018
1603,/show/borges-importadora-2018
1604,/show/psiconautas-2015
1605,/show/martin-clunes-a-man-and-his-dogs-2008
1606,/show/hunters-of-the-south-seas-2015
1607,/show/go-mrs-go-2011
1608,/show/britains-horror-homes-2015
1609,/show/care-bears-cousins-2015
1610,/show/love-and-fortune-2018
1611,/show/operation-gold-rush-with-dan-snow-2016
1612,/show/top-10-architecture-2016
1613,/show/see-you-in-time-2017
1614,/show/single-ladies-senior-2018
1615,/show/rimba-racer-2015
1616,/show/happy-300-days-2013
1617,/show/on-the-real-2016
1618,/show/backroad-bounty-2014
1619,/show/restaurant-australia-2015
1620,/show/transformers-rescue-bots-academy-2019
1621,/show/the-couldvegonealltheway-committee-2018
1622,/show/miss-rose-2012
1623,/show/liquid-science-2017
1624,/show/the-bear-family-me-2011
1625,/show/jumping-girl
1626,/show/tjovitjo-2017
1627,/show/kibaoh-klashers-2017
1628,/show/emergency-2015
1629,/show/love-me-or-leave-me-2012
1630,/show/goodbye-dear-wife-2012
1631,/show/eugenie-nights-lyly-wjyny-2018
1632,/show/secrets-of-the-sas-in-their-own-words-2016
1633,/show/bangkok-love-stories-2-plead-2019
1634,/show/care-bears-welcome-to-care-a-lot-2012
1635,/show/auntie-duohe
1636,/show/harvey-street-kids-2018
1637,/show/luna-petunia-2016
1638,/show/my-queen-2009
1639,/show/poppy-cat-2013
1640,/show/tayee
1641,/show/the-day-my-butt-went-psycho-2013
1642,/show/dariba-diaries-2014
1643,/show/alien-deep-with-bob-ballard-2012
1644,/show/emogenius-2017
1645,/show/justice-2019
1646,/show/tamra-the-island-2009
1647,/show/nailed-it-spain-2019
1648,/show/love-cuisine-2015
1649,/show/serial-killer-with-piers-morgan-2017
1650,/show/rescue-mediums-2006
1651,/show/wreck-trek-2013
1652,/show/lego-bionicle-the-journey-to-one-2016
1653,/show/rebel-without-a-kitchen-2013
1654,/show/the-chefs-line-2017
1655,/show/fangbone-2016
1656,/show/robozuna-2018
1657,/show/real-rescues-2007
1658,/show/kahi-suni
1659,/show/the-inlaws-2003
1660,/show/fabulosas-flores-2015
1661,/show/love-seventeen-2016
1662,/show/momo-salon-2014
1663,/show/invizimals-2013
1664,/show/the-bibles-buried-secrets-2008
1665,/show/singapore-social-2019
1666,/show/space-dealers
1667,/show/battlefield-recovery-2016
1668,/show/money-for-nothing-2015
1669,/show/robot-trains-2016
1670,/show/all-about-love-2010
1671,/show/black-crows-1983
1672,/show/pajanimals-2008
1673,/show/les-minijusticiers-2008
1674,/show/the-naked-truth-2016
1675,/show/lion-pride-2017
1676,/show/angel-n-devil-2014
1677,/show/dwelling-narrowness-2009
1678,/show/zona-rosa-2019
1679,/show/treehouse-detectives-2018
1680,/show/tornado-hunters-2014
1681,/show/akbar-birbal-2014
1682,/show/la-rosa-de-guadalupe-2011
1683,/show/delhis-vackraste-hander-2017
1684,/show/wild-australia-with-ray-mears-2016
1685,/show/lady-la-vendedora-de-rosas-2016
1686,/show/gorilla-family-me-2015
1687,/show/cold-water-cowboys-2014
1688,/show/love-for-ten-generation-of-youth-2013
1689,/show/inborn-pair-2011
1690,/show/bangkok-love-stories-objects-of-affection-2019
1691,/show/easy-fortune-happy-life-2009
1692,/show/tempel-2016
1693,/show/the-land-of-hypocrisy-2018
1694,/show/miss-culinary-2019
1695,/show/ufos-the-best-evidence-ever-caught-on-tape-1997
1696,/show/disappearance-2018
1697,/show/exboyfriend-2011
1698,/show/save-our-shelter-2015
1699,/show/jimmy-the-true-story-of-a-true-idiot-2018
1700,/show/dennis-gnasher-unleashed-2017
1701,/show/hong-kong-west-side-stories-2019
1702,/show/the-truth-seekers-2016
1703,/show/slum-survivors-2014
1704,/show/meet-the-adebanjos-2012
1705,/show/candy-online-2019
1706,/show/bangkok-love-stories-hey-you-2018
1707,/show/the-garden-of-heaven-2011
1708,/show/wanda-and-the-alien-2014
1709,/show/the-bomb-squad-2011
1710,/show/iron-ladies-2018
1711,/show/crazy-lovely-cool-2018
1712,/show/instfamous-2018
1713,/show/my-hotter-half-2017
1714,/show/leo-and-tig-2017
1715,/show/ruta-35-2016
1716,/show/yoohoo-and-friends-2012
1717,/show/entangled-2014
1718,/show/at-dolphin-bay-2003
1719,/show/changing-faces-2015
1720,/show/baby-animals-in-the-wild
1721,/show/the-outstanding-woman
1722,/show/whos-the-one-2011
1723,/show/six-puppies-and-us-2015
1724,/show/the-miracle-2016
1725,/show/the-future-of-water
1726,/show/bottersnikes-gumbles-2016
1727,/show/nature-natural-born-hustlers-2016
1728,/show/oh-no-its-an-alien-invasion-2013
1729,/show/jamie-and-jimmys-food-fight-club-2012
1730,/show/tech-toys-360-2011
1731,/show/hive-alive-2014
1732,/show/hairy-bikers-chicken-egg-2016
1733,/show/my-mvp-valentine-2002
1734,/show/motorway-cops-2013
1735,/show/islands-of-the-future-2016
1736,/show/maharakshak-devi-2015
1737,/show/gunpowder-treason-and-plot-2001
1738,/show/sleepless-society-nyctophobia-2019
1739,/show/changing-seas-2009
1740,/show/dragons-race-to-the-edge-2016
1741,/show/khelti-hai-zindagi-aankh-micholi-2013
1742,/show/mashas-tales-2016
1743,/show/shopkins-2014
1744,/show/extreme-animal-obsessions-2013
1745,/show/immortal-classic-2012
1746,/show/towies-2017
1747,/show/baby-ballroom-the-championship-2007
1748,/show/my-dear-warrior-2019
1749,/show/hey-qween-2018
1750,/show/learning-time-with-timmy-2018
1751,/show/hoy-soy-nadie-2014
1752,/show/unriddle-2012
1753,/show/great-world-hotels-2012
1754,/show/license-to-drill-louisiana-2014
1755,/show/compete-to-eat-2013
1756,/show/mashas-scary-stories-2014
1757,/show/heidi-bienvenida-a-casa-2017
1758,/show/stunt-science-2018
1759,/show/luo-bao-bei-2018
1760,/show/sports-on-fire-2015
1761,/show/hooplakidz-2010
1762,/show/la-esclava-blanca-2016
1763,/show/gramis-circus-show-2014
1764,/show/morphle-2011
1765,/show/vir-the-robot-boy-2013
1766,/show/el-senor-de-los-cielos-3-2015
1767,/show/selling-houses-with-sarah-beeny-2014
1768,/show/strong-woman-do-bong-soon
1769,/show/game-winning-hit-2009
1770,/show/sammy-bellas-kitchen-rescue-2017
1771,/show/life-on-location
1772,/show/footprints-in-the-sand-2011
1773,/show/the-sporting-mavericks-2016
1774,/show/pablo-2017
1775,/show/miniforce
1776,/show/screenland-2017
1777,/show/trek-spy-on-the-wildebeest-2007
1778,/show/in-the-bosom-of-a-thorn-2019
1779,/show/be-with-you-2015
1780,/show/i-own-britains-best-home-2008
1781,/show/demons-path-2018
1782,/show/monster-math-squad-2012
1783,/show/la-grande-chaumiere-violette-2016
1784,/show/the-great-british-baking-show-masterclass-2013
1785,/show/trawlermen-tales-2016
1786,/show/harry-bunnie
1787,/show/kate-and-mim-mim-2014
1788,/show/for-the-win-2017
1789,/show/gonul-2017
1790,/show/the-great-british-baking-show-holidays-2016
1791,/show/gangs-of-haseepur-2014
1792,/show/mere-papa-hero-hiralal-2018
1793,/show/the-jaime-maussan-show-2010
1794,/show/million-yen-women-2017
1795,/show/i-have-a-script-2019
1796,/show/gordon-buchanan-elephant-family-me-2016
1797,/show/yoko
1798,/show/vinnie-jones-toughest-cops-2008
1799,/show/the-princess-weiyoung
1800,/show/power-battle-watch-car
1801,/show/way-back-into-love-2011
1802,/show/my-tattoo-addiction-2012
1803,/show/cocomong-2008
1804,/show/lugar-de-mulher-2019
1805,/show/super-bheem-2017
1806,/show/pucca-love-recipe
1807,/show/race-of-life-2016
1808,/show/las-munecas-de-la-mafia-2014
1809,/show/click-for-murder
1810,/show/wild-ones-2014
1811,/show/flowering-heart-2018
1812,/show/lavender-2001
1813,/show/the-quon-dynasty-2011
1814,/show/the-game-365-2006
1815,/show/men-on-a-mission
1816,/show/miniforce-x-2019
1817,/show/head-2-head-2016
1818,/show/argon-2017
1819,/show/the-oath-2011
1820,/show/beyond-stranger-things-2017
1821,/show/zombie-dumb-2016
1822,/show/love-me-as-i-am-2013
1823,/show/be-with-me-2015
1824,/show/my-secret-romance
1825,/show/guerra-de-idolos-2017
1826,/show/aftermath-2014
1827,/show/paul-hollywoods-big-continental-road-trip
1828,/show/an-innocent-mistake-2012
1829,/show/fairground-attractions-2011
1830,/show/real-got7-2014
1831,/show/genius-of-the-ancient-world
1832,/show/el-chavo-1973
1833,/show/devilman-crybaby-2018-1
1834,/show/sleepless-society-bedtime-wishes-2019
1835,/show/hardliners-2010
1836,/show/renters-2016
1837,/show/the-fear-2012
1838,/show/vecinos-2012
1839,/show/lovely-love-lie-the-liar-and-his-lover
1840,/show/cleo-cuquin-2018
1841,/show/dhia-sofea-2014
1842,/show/president-2011
1843,/show/deals-wheels-and-steals-2015
1844,/show/the-color-of-a-woman-2011
1845,/show/kitten-rescuers-2016
1846,/show/under-the-black-moonlight-2016
1847,/show/wildest-middle-east-2015
1848,/show/historys-greatest-hoaxes-2016
1849,/show/my-little-baby-2016
1850,/show/minecraft-story-mode-2015
1851,/show/in-between-2012
1852,/show/nightmare-tenants-slum-landlords-2015
1853,/show/murphys-law-of-love-2014
1854,/show/find-it-fix-it-flog-it-2016
1855,/show/to-build-or-not-to-build-2000
1856,/show/xh-derbez-2012
1857,/show/sugar-rush
1858,/show/polar-bear-spy-on-the-ice-2010
1859,/show/murder-files-2012
1860,/show/world-at-your-feet-2014
1861,/show/sons-of-the-caliphate-2016
1862,/show/how-to-live-mortgage-free-with-sarah-beeny-2017
1863,/show/secrets-of-ancient-rome
1864,/show/the-ugly-face-of-beauty
1865,/show/queens-of-comedy-2017
1866,/show/the-polar-sea-2014
1867,/show/lockup-disturbing-the-peace-2013
1868,/show/the-golden-path-2012
1869,/show/ready-for-start-2016
1870,/show/timeless-seasons-2014
1871,/show/sin-ellas-no-hay-paraiso-2013
1872,/show/surveillance-oz-2012
1873,/show/ordinary-heroes-2013
1874,/show/high-risk-2011
1875,/show/jinglekids
1876,/show/westside-story-2003
1877,/show/taste-of-the-country-2011
1878,/show/show-me-the-money-2016
1879,/show/slice-of-paradise-2017
1880,/show/cinta-si-wedding-planner-2015
1881,/show/caught-on-camera-2013
1882,/show/wild-alaska-2014
1883,/show/el-cartel
1884,/show/comedy-high-school-2018
1885,/show/love-cheque-charge-2014
1886,/show/kpop-extreme-survival-2012
1887,/show/wild-france-with-ray-mears-2016
1888,/show/together-2009
1889,/show/sports-adventure-2016
1890,/show/two-fathers-2013
1891,/show/voice-ocn
1892,/show/lah-2017
1893,/show/love-family-2013
1894,/show/road-to-victory-2001
1895,/show/bal-ganesh-2012
1896,/show/the-ultimatum-2012
1897,/show/titipo-titipo-2017
1898,/show/the-underwear-2017
1899,/show/truth
