,titles
0,13 Reasons Why: Beyond the Reasons
1,1983
2,1994
3,21 Thunder
4,3%
5,3Below: Tales of Arcadia
6,45 rpm
7,7 Days Out
8,72 Dangerous Animals: Asia
9,72 Dangerous Animals: Latin America
10,A Little Help with Carol Burnett
11,A Series of Unfortunate Events
12,A Taiwanese Tale of Two Cities
13,A Thousand Goodnights
14,A Very Secret Service
15,A.I.C.O.
16,Abstract: The Art of Design
17,Abyss
18,Accidentally in Love
19,Ad Vitam
20,Afflicted
21,Aggretsuko
22,Ainori Love Wagon: African Journey
23,Ainori Love Wagon: Asian Journey
24,AJIN: Demi-Human
25,Alias Grace
26,All About the Washingtons
27,All Hail King Julien
28,All Hail King Julien: Exiled
29,Always a Witch
30,Amazing Interiors
31,American Vandal
32,AMO
33,Anne with an E
34,Another Life
35,Answer for Heaven
36,Apache: The Life of Carlos Tevez
37,ARASHI's Diary -Voyage-
38,Argon
39,Ari Shaffir: Double Negative
40,Arrested Development
41,Arthdal Chronicles
42,Ask the Doctor
43,Ask the StoryBots
44,Astronomy Club: The Sketch Show
45,Atelier
46,Atypical
47,Awake: The Million Dollar Game
48,B: The Beginning
49,Baby
50,Back Street Girls -GOKUDOLS-
51,Back with the Ex
52,Bad Blood
53,Bad Guys: Vile City
54,Bangkok Love Stories: Hey You!
55,Bangkok Love Stories: Innocence
56,Bangkok Love Stories: Objects of Affection
57,Bangkok Love Stories: Plead
58,Bard of Blood
59,Basketball or Nothing
60,Battlefish
61,BEASTARS
62,Beat Bugs
63,Best.Worst.Weekend.Ever.
64,Better Than Us
65,Between
66,Beyond Stranger Things
67,Big Mouth
68,Bill Nye Saves the World
69,Bitter Daisies
70,Black
71,Black Earth Rising
72,Black Mirror
73,Black Spot
74,Black Summer
75,Blazing Transfer Students
76,Blood Pact
77,Bloodline
78,Blown Away
79,Bobby Kennedy for President
80,Boca Juniors Confidential
81,Bodyguard
82,Bolívar
83,BONDING
84,Bonus Family
85,Borderliner
86,Bordertown
87,Bottersnikes & Gumbles
88,Brainchild
89,"Breakfast, Lunch & Dinner"
90,Broken
91,Brotherhood
92,Buddy Thunderstruck
93,Bumping Mics with Jeff Ross & Dave Attell
94,Busted!
95,Cable Girls
96,Call My Agent!
97,Can You Hear Me?
98,Cannon Busters
99,Captive
100,Care Bears & Cousins
101,Carmen Sandiego
102,CAROLE & TUESDAY
103,Case
104,Cathedral of the Sea
105,Chambers
106,Charité
107,Charité at War
108,Charlie's Colorforms City
109,Chasing Cameron
110,Chef's Table
111,Chef's Table: France
112,Chelsea
113,Chelsea Does
114,Chief of Staff
115,Children of the Whales
116,Chip and Potato
117,Chocolate
118,Chosen
119,Churchill’s Secret Agents: The New Recruits
120,Club de Cuervos Presents: The Ballad of Hugo Sánchez
121,Club of Crows
122,Coach Snoop
123,Cocaine Coast
124,Collateral
125,Comedians in Cars Getting Coffee
126,COMEDIANS of the world
127,Conversations with a Killer: The Ted Bundy Tapes
128,Cooked
129,Cooking on High
130,Crash Landing on You
131,Crashing
132,Crazyhead
133,Creeped Out
134,Cricket Fever: Mumbai Indians
135,Crime Diaries: Night Out
136,Crime Diaries: The Candidate
137,Criminal: France
138,Criminal: Germany
139,Criminal: Spain
140,Criminal: UK
141,Cuckoo
142,Cupcake & Dino - General Services
143,Cyborg 009: Call of Justice
144,Dance & Sing with True
145,Dancing Queen
146,Danger Mouse
147,Daniel Sloss: Live Shows
148,Dark
149,Dark Tourist
150,Daughters of Destiny
151,Dave Chappelle
152,Dave Chappelle: Equanimity & The Bird Revelation
153,Dawn of the Croods
154,Daybreak
155,Deadwind
156,Dear White People
157,Death by Magic
158,Degrassi: Next Class
159,Delhi Crime
160,Derek
161,Derry Girls
162,Designated Survivor: 60 Days
163,Devilman Crybaby
164,Diagnosis
165,Dinotrux
166,Dinotrux Supercharged
167,Disenchantment
168,Disjointed
169,Dogs
170,Dogs of Berlin
171,Dollar
172,Dolly Parton's Heartstrings
173,Don't F**k with Cats: Hunting an Internet Killer
174,Dope
175,DRAGON PILOT: Hisone & Masotan
176,Dragons: Race to the Edge
177,Drug Lords
178,Drug Squad: Costa del Sol
179,Easy
180,Edgar Rice Burroughs' Tarzan and Jane
181,Edha
182,El Marginal
183,Ellen DeGeneres: Relatable
184,Empire Games
185,Erased
186,Ever After High
187,Everything Sucks!
188,Evil Genius
189,Examination of Conscience
190,Exhibit A
191,Explained
192,Extreme Engagement
193,Family Business
194,Fast & Furious Spy Racers
195,Fastest Car
196,Fate/Apocrypha
197,Fate/EXTRA Last Encore
198,Fearless
199,FIGHTWORLD
200,FINAL FANTASY XIV Dad of Light
201,Fire Chasers
202,First and Last
203,First Team: Juventus
204,Five Came Back
205,Flaked
206,Flavorful Origins
207,Flinch
208,Flint Town
209,Follow This
210,Forest of Piano
211,Four Seasons in Havana
212,Free Rein
213,Friends from College
214,Frontier
215,Fugitiva
216,GHOUL
217,Gilmore Girls: A Year in the Life
218,Giri / Haji
219,Girl from Nowhere
220,Girlboss
221,Girls Incarcerated
222,Glitch
223,Glitter Force
224,Glitter Force Doki Doki
225,GLOW
226,Glow Up
227,Go! Live Your Way
228,Godless
229,Godzilla
230,Good Morning Call
231,Greatest Events of WWII in Colour
232,Green Door
233,Green Eggs and Ham
234,Green Frontier
235,Gypsy
236,H2O: Mermaid Adventures
237,Hache
238,Happy Jail
239,Haters Back Off
240,Haunted
241,Hemlock Grove
242,HERO MASK
243,Hi Score Girl
244,Hibana: Spark
245,High Seas
246,Hilda
247,Historical Roasts
248,Holiday Secrets
249,Home for Christmas
250,Home: Adventures with Tip & Oh
251,Hot Girls Wanted: Turned On
252,House of Cards
253,How to Sell Drugs Online (Fast)
254,Huge in France
255,Hymn of Death
256,Hyperdrive
257,I Think You Should Leave with Tim Robinson
258,I'm with the Band: Nasty Cherry
259,ID-0
260,If I Hadn't Met You
261,Immortals
262,Ingobernable
263,Ingress: The Animation
264,Insatiable
265,Inside Bill's Brain: Decoding Bill Gates
266,Inside the Criminal Mind
267,Inside the Real Narcos
268,Inspector Gadget
269,Instant Hotel
270,Interior Design Masters
271,It's Bruno!
272,Jack Whitehall: Travels with My Father
273,Jailbirds
274,James Acaster: Repertoire
275,Jimmy: The True Story of a True Idiot
276,Jinn
277,Julie's Greenroom
278,Justice
279,Justin Time GO!
280,Kabaneri of the Iron Fortress: The Battle of Unato
281,Kakegurui
282,Kantaro: The Sweet Tooth Salaryman
283,Kazoops!
284,KENGAN ASHURA
285,Kevin Hart: Don’t F**k This Up
286,Killer Ratings
287,Kiss Me First
288,Knights of Sidonia
289,Kong: King of the Apes
290,Kulipari: An Army of Frogs
291,Kulipari: Dream Walker
292,Kuromukuro
293,La Mante
294,La Niña
295,Ladies Up
296,Lady Dynamite
297,Larry Charles' Dangerous World of Comedy
298,Larva Island
299,Last Chance U
300,LAST HOPE
301,Legend Quest
302,Legend Quest: Masters of Myth
303,LEGO Bionicle: The Journey to One
304,LEGO Elves: Secrets of Elvendale
305,LEGO Friends: The Power of Friendship
306,Leila
307,Levius
308,Life
309,Lilyhammer
310,Little Things
311,Little Witch Academia
312,Live
313,Living Undocumented
314,Living with Yourself
315,Llama Llama
316,Longmire
317,Losers
318,Lost & Found Music Studios
319,Lost in Space
320,LOST SONG
321,Love
322,Love Alarm
323,"Love, Death & Robots"
324,Lovesick
325,Lugar de Mulher
326,Luna Petunia
327,Luna Petunia: Return to Amazia
328,Lunatics
329,Made in Mexico
330,Magi: Adventure of Sinbad
331,Making a Murderer
332,Mako Mermaids: An H2O Adventure
333,Malibu Rescue: The Series
334,Man to Man
335,Maniac
336,Marcella
337,Marching Orders
338,Marco Polo
339,Marianne
340,Marseille
341,Marvel's Daredevil
342,Marvel's Iron Fist
343,Marvel's Jessica Jones
344,Marvel's Luke Cage
345,Marvel's The Defenders
346,Marvel's The Punisher
347,Master of None
348,Medal of Honor
349,Medici: Masters of Florence
350,Memories of the Alhambra
351,Merlí
352,Merry Happy Whatever
353,Meteor Garden
354,Midnight Diner: Tokyo Stories
355,Mighty Little Bheem
356,Mighty Little Bheem: Diwali
357,Million Pound Menu
358,Million Yen Women
359,MINDHUNTER
360,Minecraft: Story Mode
361,Mob Psycho 100
362,Monarca
363,Monkey Twins
364,Monzón: A Knockout Blow
365,Mortel
366,Motown Magic
367,Mr. Sunshine
368,My Country: The New Age
369,My First First Love
370,My Husband Won't Fit
371,My Next Guest Needs No Introduction With David Letterman
372,My Only Love Song
373,Mystery Science Theater 3000: The Return
374,Mythomaniac
375,Nailed It! France
376,Nailed It! Holiday!
377,Nailed It! Mexico
378,Nailed It! Spain
379,Narcos
380,Narcoworld: Dope Stories
381,Neo Yokio
382,Netflix Presents: The Characters
383,No Good Nick
384,No Time for Shame
385,Nobel
386,Nobody's Looking
387,Norm Macdonald Has a Show
388,Northern Rescue
389,November 13: Attack on Paris
390,Nowhere Man
391,NSU German History X
392,Oh My Ghost
393,On Children
394,One Day at a Time
395,One More Time
396,One Spring Night
397,Orange Is the New Black
398,Osmosis
399,Our Planet
400,Pacific Heat
401,Paranoid
402,Paul Hollywood's Big Continental Road Trip
403,Peaky Blinders
404,Perfume
405,Persona
406,Pine Gap
407,Pinky Malinky
408,Ponysitters Club
409,Popples
410,Possessed
411,Prank Encounters
412,Prince of Peoria
413,Prison Playbook
414,Project Mc²
415,Puffin Rock
416,Queer Eye: We're in Japan!
417,Quicksand
418,Raising Dion
419,Rapture
420,Re:Mind
421,Real Rob
422,Reboot: The Guardian Code
423,Requiem
424,Retribution
425,Revisions
426,Rhythm + Flow
427,Richie Rich
428,Rilakkuma and Kaoru
429,Robozuna
430,Roman Empire: Reign of Blood
431,Romance is a bonus book
432,Rookie Historian Goo Hae-Ryung
433,Rotten
434,Russell Peters vs. the World
435,Russian Doll
436,Sacred Games
437,Safe
438,Salt Fat Acid Heat
439,Samantha!
440,Samurai Gourmet
441,Santa Clarita Diet
442,SCAMS
443,Secret City
444,Seis Manos
445,Selection Day
446,Sense8
447,Seven Seconds
448,Shadow
449,She's Gotta Have It
450,Shot in the Dark
451,Sick Note
452,Singapore Social
453,Sintonia
454,Sirius the Jaeger
455,Sisters
456,Skylanders Academy
457,Skylines
458,Some Assembly Required
459,Soundtrack
460,Special
461,Spirit Riding Free: Pony Tales
462,Spirit: Riding Free
463,Spy Kids: Mission Critical
464,Stand Up and Away! with Brian Regan
465,Stay Here
466,Stranger Things
467,Street Food
468,Stretch Armstrong & the Flex Fighters
469,Styling Hollywood
470,Suburra: Blood on Rome
471,Sugar Rush
472,Sugar Rush Christmas
473,Super Drags
474,Super Monsters
475,Super Monsters Monster Party
476,Super Monsters Monster Pets
477,Surviving Escobar - Alias JJ
478,Switched
479,SWORDGAI The Animation
480,Tabula Rasa
481,Taco Chronicles
482,Take My Brother Away
483,Tales by Light
484,Tales of the City
485,Terrace House: Aloha State
486,Terrace House: Boys & Girls in the City
487,Terrace House: Opening New Doors
488,Terrace House: Tokyo 2019-2020
489,Terrorism Close Calls
490,The A List
491,The Adventures of Puss in Boots
492,The Alcàsser Murders
493,The Big Family Cooking Showdown
494,The Bonfire of Destiny
495,The Break
496,The Break with Michelle Wolf
497,The Casketeers
498,The Chalet
499,The Chosen One
500,The Club
501,The Comedy Lineup
502,The Confession Killer
503,The Confession Tapes
504,The Crown
505,The Cuba Libre Story
506,The Curious Creations of Christine McConnell
507,The Dark Crystal: Age of Resistance
508,The Day I Met El Chapo
509,The Degenerates
510,The Devil Next Door
511,The Disappearance of Madeleine McCann
512,The Disastrous Life of Saiki K.: Reawakened
513,The Dragon Prince
514,The End of the F***ing World
515,The Epic Tales of Captain Underpants
516,The Family
517,The Final Table
518,The Fix
519,The Forest
520,The Frankenstein Chronicles
521,The Frozen Dead
522,The Get Down
523,The Gift
524,The Good Bandit
525,The Good Cop
526,The Great British Baking Show: Holidays
527,The Haunting of Hill House
528,The Hockey Girls
529,The Honeymoon Stand Up Special
530,The Hook Up Plan
531,The I-Land
532,The Indian Detective
533,The Innocent Man
534,The Innocents
535,The Investigator: A British Crime Story
536,The Joel McHale Show with Joel McHale
537,The Judgement
538,The Keepers
539,The Kominsky Method
540,The Last Czars
541,The Letdown
542,The Lies Within
543,The Magic School Bus Rides Again
544,The Many Faces of Ito
545,The Mechanism
546,"The Mind, Explained"
547,The Mire
548,The Movies That Made Us
549,The Mr. Peabody and Sherman Show
550,The Naked Director
551,The Neighbor
552,The New Legends of Monkey
553,The OA
554,The Prince of Tennis ~ Match! Tennis Juniors ~
555,The Queen of Flow
556,The Rain
557,The Rise of Phoenixes
558,The Road to Love
559,The Seven Deadly Sins
560,The Society
561,The Sound of Your Heart
562,The Sound of Your Heart: Reboot
563,The Spy
564,The Staircase
565,The Standups
566,The Stranded
567,The Toys That Made Us
568,The Trial
569,The Umbrella Academy
570,THE UNLISTED
571,The Who Was? Show
572,The Witcher
573,The World's Most Extraordinary Homes
574,The Worst Witch
575,The Yard
576,Thieves of the Wood
577,Three Days of Christmas
578,Tidelands
579,Tidying Up with Marie Kondo
580,Tiempos de guerra
581,Tiffany Haddish Presents: They Ready
582,Tijuana
583,Til Death Do Us Part
584,Toon
585,Top Boy
586,Toy Boy
587,Trailer Park Boys
588,Trailer Park Boys: Out of the Park: Europe
589,Trailer Park Boys: Out of the Park: USA
590,Traitors
591,Travelers
592,Treehouse Detectives
593,Triad Princess
594,Trigger Warning with Killer Mike
595,Trinkets
596,Trollhunters
597,Trolls: The Beat Goes On!
598,Troy
599,True and the Rainbow Kingdom
600,True Tunes
601,True: Magical Friends
602,True: Wonderful Wishes
603,Trump: An American Dream
604,Tuca & Bertie
605,Turbo FAST
606,Turn Up Charlie
607,Twelve Forever
608,Twice Upon A Time
609,Typewriter
610,Ultimate Beastmaster
611,Ultimate Beastmaster México
612,Ultraman
613,Ultramarine Magmell
614,Ultraviolet
615,Unbelievable
616,Unbreakable Kimmy Schmidt
617,Undercover
618,Undercover Law
619,Unit 42
620,Unnatural Selection
621,Unrequited Love
622,V Wars
623,Vagabond
624,Vai Anitta
625,VeggieTales in the City
626,VeggieTales in the House
627,Victim Number 8
628,Violet Evergarden
629,Virgin River
630,Voltron: Legendary Defender
631,W/ Bob & David
632,Wanderlust
633,Wanted
634,Warrior
635,Watership Down
636,We Are the Wave
637,We're Lalaloopsy
638,Welcome to the Family
639,Westside
640,Wet Hot American Summer
641,Wet Hot American Summer: Ten Years Later
642,WHAT / IF
643,When Heroes Fly
644,When the Camellia Blooms
645,When They See Us
646,White Gold
647,White Nights
648,White Rabbit Project
649,Who Killed Little Gregory?
650,Wild District
651,Wild Wild Country
652,Wolf
653,World of Winx
654,Wormwood
655,Wu Assassins
656,Yankee
657,Yanxi Palace: Princess Adventures
658,YG Future Strategy Office
659,You vs. Wild
660,Yummy Mummies
661,Zona Rosa
662,Zumbo's Just Desserts
